,estimate,trip,pickup_estimate
1,"{'surge_confirmation_href': 'https://api.uber.com/surge-confirmations/9782f9e3-0778-4da7-ab1d-19beed426c4e', 'high_estimate': 9, 'expires_at': 1542212581, 'surge_confirmation_id': '9782f9e3-0778-4da7-ab1d-19beed426c4e', 'minimum': 6, 'low_estimate': 6, 'fare_breakdown': [{'high_amount': 2.5, 'display_amount': '2.5', 'display_name': 'Base Fare', 'low_amount': 2.5}, {'high_amount': 2.46, 'display_amount': '1.85-2.46', 'display_name': 'Distance', 'low_amount': 1.85}, {'high_amount': 1.35, 'display_amount': '1.14-1.35', 'display_name': 'Surge x1.2', 'low_amount': 1.14}, {'high_amount': 1.79, 'display_amount': '1.34-1.79', 'display_name': 'Time', 'low_amount': 1.34}], 'surge_multiplier': 1.2, 'display': '£6-9', 'currency_code': 'GBP'}","{'distance_unit': 'mile', 'duration_estimate': 600, 'distance_estimate': 1.64}",9
2,"{'surge_confirmation_href': None, 'high_estimate': 6, 'surge_confirmation_id': None, 'minimum': 5, 'low_estimate': 5, 'fare_breakdown': [{'high_amount': 2.5, 'display_amount': '2.5', 'display_name': 'Base Fare', 'low_amount': 2.5}, {'high_amount': 1.26, 'display_amount': '0.95-1.26', 'display_name': 'Distance', 'low_amount': 0.95}, {'high_amount': 2.18, 'display_amount': '1.64-2.18', 'display_name': 'Time', 'low_amount': 1.64}], 'surge_multiplier': 1.0, 'display': '£5-6', 'currency_code': 'GBP'}","{'distance_unit': 'mile', 'duration_estimate': 720, 'distance_estimate': 0.84}",6
3,"{'surge_confirmation_href': None, 'high_estimate': 14, 'surge_confirmation_id': None, 'minimum': 5, 'low_estimate': 10, 'fare_breakdown': [{'high_amount': 2.5, 'display_amount': '2.5', 'display_name': 'Base Fare', 'low_amount': 2.5}, {'high_amount': 5.75, 'display_amount': '4.31-5.75', 'display_name': 'Distance', 'low_amount': 4.31}, {'high_amount': 4.95, 'display_amount': '3.71-4.95', 'display_name': 'Time', 'low_amount': 3.71}], 'surge_multiplier': 1.0, 'display': '£10-14', 'currency_code': 'GBP'}","{'distance_unit': 'mile', 'duration_estimate': 1680, 'distance_estimate': 3.83}",10
4,"{'surge_confirmation_href': None, 'high_estimate': 6, 'surge_confirmation_id': None, 'minimum': 5, 'low_estimate': 5, 'fare_breakdown': [{'high_amount': 2.5, 'display_amount': '2.5', 'display_name': 'Base Fare', 'low_amount': 2.5}, {'high_amount': 0.88, 'display_amount': '0.66-0.88', 'display_name': 'Distance', 'low_amount': 0.66}, {'high_amount': 0.41, 'display_amount': '0.93-0.41', 'display_name': '£5.00 Minimum', 'low_amount': 0.93}, {'high_amount': 1.21, 'display_amount': '0.91-1.21', 'display_name': 'Time', 'low_amount': 0.91}], 'surge_multiplier': 1.0, 'display': '£5-6', 'currency_code': 'GBP'}","{'distance_unit': 'mile', 'duration_estimate': 420, 'distance_estimate': 0.59}",6
5,"{'surge_confirmation_href': None, 'high_estimate': 8, 'surge_confirmation_id': None, 'minimum': 5, 'low_estimate': 6, 'fare_breakdown': [{'high_amount': 2.5, 'display_amount': '2.5', 'display_name': 'Base Fare', 'low_amount': 2.5}, {'high_amount': 2.56, 'display_amount': '1.93-2.56', 'display_name': 'Distance', 'low_amount': 1.93}, {'high_amount': 2.46, 'display_amount': '1.85-2.46', 'display_name': 'Time', 'low_amount': 1.85}], 'surge_multiplier': 1.0, 'display': '£6-8', 'currency_code': 'GBP'}","{'distance_unit': 'mile', 'duration_estimate': 840, 'distance_estimate': 1.71}",11
6,"{'surge_confirmation_href': 'https://api.uber.com/surge-confirmations/c8d337e1-7a7f-41ca-bac9-3edad0606280', 'high_estimate': 7, 'expires_at': 1542212586, 'surge_confirmation_id': 'c8d337e1-7a7f-41ca-bac9-3edad0606280', 'minimum': 7, 'low_estimate': 6, 'fare_breakdown': [{'high_amount': 2.5, 'display_amount': '2.5', 'display_name': 'Base Fare', 'low_amount': 2.5}, {'high_amount': 1.05, 'display_amount': '0.79-1.05', 'display_name': 'Distance', 'low_amount': 0.79}, {'high_amount': 0.38, 'display_amount': '0.91-0.38', 'display_name': '£5.00 Minimum', 'low_amount': 0.91}, {'high_amount': 1.5, 'display_amount': '1.5', 'display_name': 'Surge x1.3', 'low_amount': 1.5}, {'high_amount': 1.07, 'display_amount': '0.8-1.07', 'display_name': 'Time', 'low_amount': 0.8}], 'surge_multiplier': 1.3, 'display': '£6-7', 'currency_code': 'GBP'}","{'distance_unit': 'mile', 'duration_estimate': 360, 'distance_estimate': 0.7}",7
7,"{'surge_confirmation_href': None, 'high_estimate': 6, 'surge_confirmation_id': None, 'minimum': 5, 'low_estimate': 5, 'fare_breakdown': [{'high_amount': 2.5, 'display_amount': '2.5', 'display_name': 'Base Fare', 'low_amount': 2.5}, {'high_amount': 1.38, 'display_amount': '1.03-1.38', 'display_name': 'Distance', 'low_amount': 1.03}, {'high_amount': None, 'display_amount': '0.62', 'display_name': '£5.00 Minimum', 'low_amount': 0.62}, {'high_amount': 1.13, 'display_amount': '0.85-1.13', 'display_name': 'Time', 'low_amount': 0.85}], 'surge_multiplier': 1.0, 'display': '£5-6', 'currency_code': 'GBP'}","{'distance_unit': 'mile', 'duration_estimate': 360, 'distance_estimate': 0.92}",11
8,"{'surge_confirmation_href': None, 'high_estimate': 9, 'surge_confirmation_id': None, 'minimum': 5, 'low_estimate': 6, 'fare_breakdown': [{'high_amount': 2.5, 'display_amount': '2.5', 'display_name': 'Base Fare', 'low_amount': 2.5}, {'high_amount': 2.41, 'display_amount': '1.8-2.41', 'display_name': 'Distance', 'low_amount': 1.8}, {'high_amount': 3.53, 'display_amount': '2.65-3.53', 'display_name': 'Time', 'low_amount': 2.65}], 'surge_multiplier': 1.0, 'display': '£6-9', 'currency_code': 'GBP'}","{'distance_unit': 'mile', 'duration_estimate': 1200, 'distance_estimate': 1.6}",6
9,"{'surge_confirmation_href': None, 'high_estimate': 8, 'surge_confirmation_id': None, 'minimum': 5, 'low_estimate': 6, 'fare_breakdown': [{'high_amount': 2.5, 'display_amount': '2.5', 'display_name': 'Base Fare', 'low_amount': 2.5}, {'high_amount': 2.4, 'display_amount': '1.8-2.4', 'display_name': 'Distance', 'low_amount': 1.8}, {'high_amount': 2.28, 'display_amount': '1.71-2.28', 'display_name': 'Time', 'low_amount': 1.71}], 'surge_multiplier': 1.0, 'display': '£6-8', 'currency_code': 'GBP'}","{'distance_unit': 'mile', 'duration_estimate': 780, 'distance_estimate': 1.6}",14
10,"{'surge_confirmation_href': None, 'high_estimate': 7, 'surge_confirmation_id': None, 'minimum': 5, 'low_estimate': 5, 'fare_breakdown': [{'high_amount': 2.5, 'display_amount': '2.5', 'display_name': 'Base Fare', 'low_amount': 2.5}, {'high_amount': 1.78, 'display_amount': '1.34-1.78', 'display_name': 'Distance', 'low_amount': 1.34}, {'high_amount': 1.95, 'display_amount': '1.46-1.95', 'display_name': 'Time', 'low_amount': 1.46}], 'surge_multiplier': 1.0, 'display': '£5-7', 'currency_code': 'GBP'}","{'distance_unit': 'mile', 'duration_estimate': 660, 'distance_estimate': 1.19}",11
11,"{'surge_confirmation_href': None, 'high_estimate': 6, 'surge_confirmation_id': None, 'minimum': 5, 'low_estimate': 5, 'fare_breakdown': [{'high_amount': 2.5, 'display_amount': '2.5', 'display_name': 'Base Fare', 'low_amount': 2.5}, {'high_amount': 0.74, 'display_amount': '0.55-0.74', 'display_name': 'Distance', 'low_amount': 0.55}, {'high_amount': 0.58, 'display_amount': '1.07-0.58', 'display_name': '£5.00 Minimum', 'low_amount': 1.07}, {'high_amount': 1.18, 'display_amount': '0.88-1.18', 'display_name': 'Time', 'low_amount': 0.88}], 'surge_multiplier': 1.0, 'display': '£5-6', 'currency_code': 'GBP'}","{'distance_unit': 'mile', 'duration_estimate': 420, 'distance_estimate': 0.49}",9
12,"{'surge_confirmation_href': None, 'high_estimate': 6, 'surge_confirmation_id': None, 'minimum': 5, 'low_estimate': 5, 'fare_breakdown': [{'high_amount': 2.5, 'display_amount': '2.5', 'display_name': 'Base Fare', 'low_amount': 2.5}, {'high_amount': 1.58, 'display_amount': '1.18-1.58', 'display_name': 'Distance', 'low_amount': 1.18}, {'high_amount': None, 'display_amount': '0.23', 'display_name': '£5.00 Minimum', 'low_amount': 0.23}, {'high_amount': 1.45, 'display_amount': '1.09-1.45', 'display_name': 'Time', 'low_amount': 1.09}], 'surge_multiplier': 1.0, 'display': '£5-6', 'currency_code': 'GBP'}","{'distance_unit': 'mile', 'duration_estimate': 480, 'distance_estimate': 1.05}",8
13,"{'surge_confirmation_href': None, 'high_estimate': 6, 'surge_confirmation_id': None, 'minimum': 5, 'low_estimate': 5, 'fare_breakdown': [{'high_amount': 2.5, 'display_amount': '2.5', 'display_name': 'Base Fare', 'low_amount': 2.5}, {'high_amount': 1.66, 'display_amount': '1.25-1.66', 'display_name': 'Distance', 'low_amount': 1.25}, {'high_amount': None, 'display_amount': '0.39', 'display_name': '£5.00 Minimum', 'low_amount': 0.39}, {'high_amount': 1.15, 'display_amount': '0.86-1.15', 'display_name': 'Time', 'low_amount': 0.86}], 'surge_multiplier': 1.0, 'display': '£5-6', 'currency_code': 'GBP'}","{'distance_unit': 'mile', 'duration_estimate': 360, 'distance_estimate': 1.11}",16
14,"{'surge_confirmation_href': None, 'high_estimate': 6, 'surge_confirmation_id': None, 'minimum': 5, 'low_estimate': 5, 'fare_breakdown': [{'high_amount': 2.5, 'display_amount': '2.5', 'display_name': 'Base Fare', 'low_amount': 2.5}, {'high_amount': 0.56, 'display_amount': '0.43-0.56', 'display_name': 'Distance', 'low_amount': 0.43}, {'high_amount': 1.22, 'display_amount': '1.53-1.22', 'display_name': '£5.00 Minimum', 'low_amount': 1.53}, {'high_amount': 0.72, 'display_amount': '0.54-0.72', 'display_name': 'Time', 'low_amount': 0.54}], 'surge_multiplier': 1.0, 'display': '£5-6', 'currency_code': 'GBP'}","{'distance_unit': 'mile', 'duration_estimate': 240, 'distance_estimate': 0.37}",5
15,"{'surge_confirmation_href': None, 'high_estimate': 9, 'surge_confirmation_id': None, 'minimum': 5, 'low_estimate': 7, 'fare_breakdown': [{'high_amount': 2.5, 'display_amount': '2.5', 'display_name': 'Base Fare', 'low_amount': 2.5}, {'high_amount': 3.53, 'display_amount': '2.64-3.53', 'display_name': 'Distance', 'low_amount': 2.64}, {'high_amount': 2.73, 'display_amount': '2.05-2.73', 'display_name': 'Time', 'low_amount': 2.05}], 'surge_multiplier': 1.0, 'display': '£7-9', 'currency_code': 'GBP'}","{'distance_unit': 'mile', 'duration_estimate': 900, 'distance_estimate': 2.35}",8
16,"{'surge_confirmation_href': None, 'high_estimate': 8, 'surge_confirmation_id': None, 'minimum': 5, 'low_estimate': 5, 'fare_breakdown': [{'high_amount': 2.5, 'display_amount': '2.5', 'display_name': 'Base Fare', 'low_amount': 2.5}, {'high_amount': 2.54, 'display_amount': '1.91-2.54', 'display_name': 'Distance', 'low_amount': 1.91}, {'high_amount': 1.98, 'display_amount': '1.49-1.98', 'display_name': 'Time', 'low_amount': 1.49}], 'surge_multiplier': 1.0, 'display': '£5-8', 'currency_code': 'GBP'}","{'distance_unit': 'mile', 'duration_estimate': 660, 'distance_estimate': 1.69}",11
17,"{'surge_confirmation_href': None, 'high_estimate': 6, 'surge_confirmation_id': None, 'minimum': 5, 'low_estimate': 5, 'fare_breakdown': [{'high_amount': 2.5, 'display_amount': '2.5', 'display_name': 'Base Fare', 'low_amount': 2.5}, {'high_amount': 1.71, 'display_amount': '1.29-1.71', 'display_name': 'Distance', 'low_amount': 1.29}, {'high_amount': None, 'display_amount': '0.33', 'display_name': '£5.00 Minimum', 'low_amount': 0.33}, {'high_amount': 1.17, 'display_amount': '0.88-1.17', 'display_name': 'Time', 'low_amount': 0.88}], 'surge_multiplier': 1.0, 'display': '£5-6', 'currency_code': 'GBP'}","{'distance_unit': 'mile', 'duration_estimate': 360, 'distance_estimate': 1.14}",5
18,"{'surge_confirmation_href': None, 'high_estimate': 8, 'surge_confirmation_id': None, 'minimum': 5, 'low_estimate': 5, 'fare_breakdown': [{'high_amount': 2.5, 'display_amount': '2.5', 'display_name': 'Base Fare', 'low_amount': 2.5}, {'high_amount': 2.46, 'display_amount': '1.85-2.46', 'display_name': 'Distance', 'low_amount': 1.85}, {'high_amount': 2.18, 'display_amount': '1.63-2.18', 'display_name': 'Time', 'low_amount': 1.63}], 'surge_multiplier': 1.0, 'display': '£5-8', 'currency_code': 'GBP'}","{'distance_unit': 'mile', 'duration_estimate': 720, 'distance_estimate': 1.64}",4
19,"{'surge_confirmation_href': None, 'high_estimate': 9, 'surge_confirmation_id': None, 'minimum': 5, 'low_estimate': 6, 'fare_breakdown': [{'high_amount': 2.5, 'display_amount': '2.5', 'display_name': 'Base Fare', 'low_amount': 2.5}, {'high_amount': 3.21, 'display_amount': '2.41-3.21', 'display_name': 'Distance', 'low_amount': 2.41}, {'high_amount': 2.62, 'display_amount': '1.96-2.62', 'display_name': 'Time', 'low_amount': 1.96}], 'surge_multiplier': 1.0, 'display': '£6-9', 'currency_code': 'GBP'}","{'distance_unit': 'mile', 'duration_estimate': 900, 'distance_estimate': 2.14}",10
20,"{'surge_confirmation_href': None, 'high_estimate': 6, 'surge_confirmation_id': None, 'minimum': 5, 'low_estimate': 5, 'fare_breakdown': [{'high_amount': 2.5, 'display_amount': '2.5', 'display_name': 'Base Fare', 'low_amount': 2.5}, {'high_amount': 1.34, 'display_amount': '1.01-1.34', 'display_name': 'Distance', 'low_amount': 1.01}, {'high_amount': 0.21, 'display_amount': '0.78-0.21', 'display_name': '£5.00 Minimum', 'low_amount': 0.78}, {'high_amount': 0.95, 'display_amount': '0.71-0.95', 'display_name': 'Time', 'low_amount': 0.71}], 'surge_multiplier': 1.0, 'display': '£5-6', 'currency_code': 'GBP'}","{'distance_unit': 'mile', 'duration_estimate': 300, 'distance_estimate': 0.89}",12
21,"{'surge_confirmation_href': None, 'high_estimate': 14, 'surge_confirmation_id': None, 'minimum': 5, 'low_estimate': 10, 'fare_breakdown': [{'high_amount': 2.5, 'display_amount': '2.5', 'display_name': 'Base Fare', 'low_amount': 2.5}, {'high_amount': 6.26, 'display_amount': '4.7-6.26', 'display_name': 'Distance', 'low_amount': 4.7}, {'high_amount': 5.03, 'display_amount': '3.78-5.03', 'display_name': 'Time', 'low_amount': 3.78}], 'surge_multiplier': 1.0, 'display': '£10-14', 'currency_code': 'GBP'}","{'distance_unit': 'mile', 'duration_estimate': 1680, 'distance_estimate': 4.18}",9
22,"{'surge_confirmation_href': None, 'high_estimate': 8, 'surge_confirmation_id': None, 'minimum': 5, 'low_estimate': 6, 'fare_breakdown': [{'high_amount': 2.5, 'display_amount': '2.5', 'display_name': 'Base Fare', 'low_amount': 2.5}, {'high_amount': 2.09, 'display_amount': '1.56-2.09', 'display_name': 'Distance', 'low_amount': 1.56}, {'high_amount': 2.74, 'display_amount': '2.06-2.74', 'display_name': 'Time', 'low_amount': 2.06}], 'surge_multiplier': 1.0, 'display': '£6-8', 'currency_code': 'GBP'}","{'distance_unit': 'mile', 'duration_estimate': 900, 'distance_estimate': 1.39}",12
23,"{'surge_confirmation_href': None, 'high_estimate': 8, 'surge_confirmation_id': None, 'minimum': 5, 'low_estimate': 6, 'fare_breakdown': [{'high_amount': 2.5, 'display_amount': '2.5', 'display_name': 'Base Fare', 'low_amount': 2.5}, {'high_amount': 3.16, 'display_amount': '2.38-3.16', 'display_name': 'Distance', 'low_amount': 2.38}, {'high_amount': 2.14, 'display_amount': '1.6-2.14', 'display_name': 'Time', 'low_amount': 1.6}], 'surge_multiplier': 1.0, 'display': '£6-8', 'currency_code': 'GBP'}","{'distance_unit': 'mile', 'duration_estimate': 720, 'distance_estimate': 2.11}",14
24,"{'surge_confirmation_href': None, 'high_estimate': 18, 'surge_confirmation_id': None, 'minimum': 5, 'low_estimate': 13, 'fare_breakdown': [{'high_amount': 2.5, 'display_amount': '2.5', 'display_name': 'Base Fare', 'low_amount': 2.5}, {'high_amount': 8.36, 'display_amount': '6.26-8.36', 'display_name': 'Distance', 'low_amount': 6.26}, {'high_amount': 6.36, 'display_amount': '4.77-6.36', 'display_name': 'Time', 'low_amount': 4.77}], 'surge_multiplier': 1.0, 'display': '£13-18', 'currency_code': 'GBP'}","{'distance_unit': 'mile', 'duration_estimate': 2100, 'distance_estimate': 5.57}",16
25,"{'surge_confirmation_href': None, 'high_estimate': 8, 'surge_confirmation_id': None, 'minimum': 5, 'low_estimate': 5, 'fare_breakdown': [{'high_amount': 2.5, 'display_amount': '2.5', 'display_name': 'Base Fare', 'low_amount': 2.5}, {'high_amount': 2.4, 'display_amount': '1.8-2.4', 'display_name': 'Distance', 'low_amount': 1.8}, {'high_amount': 2.19, 'display_amount': '1.64-2.19', 'display_name': 'Time', 'low_amount': 1.64}], 'surge_multiplier': 1.0, 'display': '£5-8', 'currency_code': 'GBP'}","{'distance_unit': 'mile', 'duration_estimate': 720, 'distance_estimate': 1.6}",17
26,"{'surge_confirmation_href': None, 'high_estimate': 6, 'surge_confirmation_id': None, 'minimum': 5, 'low_estimate': 5, 'fare_breakdown': [{'high_amount': 2.5, 'display_amount': '2.5', 'display_name': 'Base Fare', 'low_amount': 2.5}, {'high_amount': 1.04, 'display_amount': '0.78-1.04', 'display_name': 'Distance', 'low_amount': 0.78}, {'high_amount': 0.48, 'display_amount': '0.99-0.48', 'display_name': '£5.00 Minimum', 'low_amount': 0.99}, {'high_amount': 0.98, 'display_amount': '0.73-0.98', 'display_name': 'Time', 'low_amount': 0.73}], 'surge_multiplier': 1.0, 'display': '£5-6', 'currency_code': 'GBP'}","{'distance_unit': 'mile', 'duration_estimate': 300, 'distance_estimate': 0.69}",9
27,"{'surge_confirmation_href': None, 'high_estimate': 6, 'surge_confirmation_id': None, 'minimum': 5, 'low_estimate': 5, 'fare_breakdown': [{'high_amount': 2.5, 'display_amount': '2.5', 'display_name': 'Base Fare', 'low_amount': 2.5}, {'high_amount': 1.24, 'display_amount': '0.93-1.24', 'display_name': 'Distance', 'low_amount': 0.93}, {'high_amount': 0.2, 'display_amount': '0.78-0.2', 'display_name': '£5.00 Minimum', 'low_amount': 0.78}, {'high_amount': 1.06, 'display_amount': '0.79-1.06', 'display_name': 'Time', 'low_amount': 0.79}], 'surge_multiplier': 1.0, 'display': '£5-6', 'currency_code': 'GBP'}","{'distance_unit': 'mile', 'duration_estimate': 360, 'distance_estimate': 0.83}",4
28,"{'surge_confirmation_href': None, 'high_estimate': 6, 'surge_confirmation_id': None, 'minimum': 5, 'low_estimate': 5, 'fare_breakdown': [{'high_amount': 2.5, 'display_amount': '2.5', 'display_name': 'Base Fare', 'low_amount': 2.5}, {'high_amount': 1.04, 'display_amount': '0.79-1.04', 'display_name': 'Distance', 'low_amount': 0.79}, {'high_amount': 0.41, 'display_amount': '0.92-0.41', 'display_name': '£5.00 Minimum', 'low_amount': 0.92}, {'high_amount': 1.05, 'display_amount': '0.79-1.05', 'display_name': 'Time', 'low_amount': 0.79}], 'surge_multiplier': 1.0, 'display': '£5-6', 'currency_code': 'GBP'}","{'distance_unit': 'mile', 'duration_estimate': 360, 'distance_estimate': 0.7}",14
29,"{'surge_confirmation_href': None, 'high_estimate': 9, 'surge_confirmation_id': None, 'minimum': 5, 'low_estimate': 6, 'fare_breakdown': [{'high_amount': 2.5, 'display_amount': '2.5', 'display_name': 'Base Fare', 'low_amount': 2.5}, {'high_amount': 2.35, 'display_amount': '1.76-2.35', 'display_name': 'Distance', 'low_amount': 1.76}, {'high_amount': 3.46, 'display_amount': '2.59-3.46', 'display_name': 'Time', 'low_amount': 2.59}], 'surge_multiplier': 1.0, 'display': '£6-9', 'currency_code': 'GBP'}","{'distance_unit': 'mile', 'duration_estimate': 1140, 'distance_estimate': 1.57}",10
30,"{'surge_confirmation_href': None, 'high_estimate': 7, 'surge_confirmation_id': None, 'minimum': 5, 'low_estimate': 5, 'fare_breakdown': [{'high_amount': 2.5, 'display_amount': '2.5', 'display_name': 'Base Fare', 'low_amount': 2.5}, {'high_amount': 2.56, 'display_amount': '1.93-2.56', 'display_name': 'Distance', 'low_amount': 1.93}, {'high_amount': 1.61, 'display_amount': '1.21-1.61', 'display_name': 'Time', 'low_amount': 1.21}], 'surge_multiplier': 1.0, 'display': '£5-7', 'currency_code': 'GBP'}","{'distance_unit': 'mile', 'duration_estimate': 540, 'distance_estimate': 1.71}",9
31,"{'surge_confirmation_href': None, 'high_estimate': 8, 'surge_confirmation_id': None, 'minimum': 5, 'low_estimate': 6, 'fare_breakdown': [{'high_amount': 2.5, 'display_amount': '2.5', 'display_name': 'Base Fare', 'low_amount': 2.5}, {'high_amount': 3.18, 'display_amount': '2.38-3.18', 'display_name': 'Distance', 'low_amount': 2.38}, {'high_amount': 2.06, 'display_amount': '1.55-2.06', 'display_name': 'Time', 'low_amount': 1.55}], 'surge_multiplier': 1.0, 'display': '£6-8', 'currency_code': 'GBP'}","{'distance_unit': 'mile', 'duration_estimate': 660, 'distance_estimate': 2.11}",14
32,"{'surge_confirmation_href': None, 'high_estimate': 11, 'surge_confirmation_id': None, 'minimum': 5, 'low_estimate': 8, 'fare_breakdown': [{'high_amount': 2.5, 'display_amount': '2.5', 'display_name': 'Base Fare', 'low_amount': 2.5}, {'high_amount': 4.25, 'display_amount': '3.19-4.25', 'display_name': 'Distance', 'low_amount': 3.19}, {'high_amount': 4.01, 'display_amount': '3-4.01', 'display_name': 'Time', 'low_amount': 3.0}], 'surge_multiplier': 1.0, 'display': '£8-11', 'currency_code': 'GBP'}","{'distance_unit': 'mile', 'duration_estimate': 1320, 'distance_estimate': 2.84}",12
33,"{'surge_confirmation_href': None, 'high_estimate': 6, 'surge_confirmation_id': None, 'minimum': 5, 'low_estimate': 5, 'fare_breakdown': [{'high_amount': 2.5, 'display_amount': '2.5', 'display_name': 'Base Fare', 'low_amount': 2.5}, {'high_amount': 1.13, 'display_amount': '0.84-1.13', 'display_name': 'Distance', 'low_amount': 0.84}, {'high_amount': 0.28, 'display_amount': '0.84-0.28', 'display_name': '£5.00 Minimum', 'low_amount': 0.84}, {'high_amount': 1.09, 'display_amount': '0.82-1.09', 'display_name': 'Time', 'low_amount': 0.82}], 'surge_multiplier': 1.0, 'display': '£5-6', 'currency_code': 'GBP'}","{'distance_unit': 'mile', 'duration_estimate': 360, 'distance_estimate': 0.75}",8
34,"{'surge_confirmation_href': None, 'high_estimate': 6, 'surge_confirmation_id': None, 'minimum': 5, 'low_estimate': 5, 'fare_breakdown': [{'high_amount': 2.5, 'display_amount': '2.5', 'display_name': 'Base Fare', 'low_amount': 2.5}, {'high_amount': 0.04, 'display_amount': '0.03-0.04', 'display_name': 'Distance', 'low_amount': 0.03}, {'high_amount': 2.38, 'display_amount': '2.41-2.38', 'display_name': '£5.00 Minimum', 'low_amount': 2.41}, {'high_amount': 0.08, 'display_amount': '0.06-0.08', 'display_name': 'Time', 'low_amount': 0.06}], 'surge_multiplier': 1.0, 'display': '£5-6', 'currency_code': 'GBP'}","{'distance_unit': 'mile', 'duration_estimate': 0, 'distance_estimate': 0.02}",9
35,"{'surge_confirmation_href': None, 'high_estimate': 6, 'surge_confirmation_id': None, 'minimum': 5, 'low_estimate': 5, 'fare_breakdown': [{'high_amount': 2.5, 'display_amount': '2.5', 'display_name': 'Base Fare', 'low_amount': 2.5}, {'high_amount': 1.43, 'display_amount': '1.06-1.43', 'display_name': 'Distance', 'low_amount': 1.06}, {'high_amount': 0.06, 'display_amount': '0.68-0.06', 'display_name': '£5.00 Minimum', 'low_amount': 0.68}, {'high_amount': 1.01, 'display_amount': '0.76-1.01', 'display_name': 'Time', 'low_amount': 0.76}], 'surge_multiplier': 1.0, 'display': '£5-6', 'currency_code': 'GBP'}","{'distance_unit': 'mile', 'duration_estimate': 360, 'distance_estimate': 0.95}",12
36,"{'surge_confirmation_href': None, 'high_estimate': 12, 'surge_confirmation_id': None, 'minimum': 5, 'low_estimate': 9, 'fare_breakdown': [{'high_amount': 2.5, 'display_amount': '2.5', 'display_name': 'Base Fare', 'low_amount': 2.5}, {'high_amount': 4.53, 'display_amount': '3.39-4.53', 'display_name': 'Distance', 'low_amount': 3.39}, {'high_amount': 4.67, 'display_amount': '3.51-4.67', 'display_name': 'Time', 'low_amount': 3.51}], 'surge_multiplier': 1.0, 'display': '£9-12', 'currency_code': 'GBP'}","{'distance_unit': 'mile', 'duration_estimate': 1560, 'distance_estimate': 3.01}",10
37,"{'surge_confirmation_href': None, 'high_estimate': 14, 'surge_confirmation_id': None, 'minimum': 5, 'low_estimate': 10, 'fare_breakdown': [{'high_amount': 2.5, 'display_amount': '2.5', 'display_name': 'Base Fare', 'low_amount': 2.5}, {'high_amount': 6.18, 'display_amount': '4.63-6.18', 'display_name': 'Distance', 'low_amount': 4.63}, {'high_amount': 4.73, 'display_amount': '3.55-4.73', 'display_name': 'Time', 'low_amount': 3.55}], 'surge_multiplier': 1.0, 'display': '£10-14', 'currency_code': 'GBP'}","{'distance_unit': 'mile', 'duration_estimate': 1560, 'distance_estimate': 4.11}",15
38,"{'surge_confirmation_href': None, 'high_estimate': 8, 'surge_confirmation_id': None, 'minimum': 5, 'low_estimate': 6, 'fare_breakdown': [{'high_amount': 2.5, 'display_amount': '2.5', 'display_name': 'Base Fare', 'low_amount': 2.5}, {'high_amount': 2.81, 'display_amount': '2.1-2.81', 'display_name': 'Distance', 'low_amount': 2.1}, {'high_amount': 2.13, 'display_amount': '1.6-2.13', 'display_name': 'Time', 'low_amount': 1.6}], 'surge_multiplier': 1.0, 'display': '£6-8', 'currency_code': 'GBP'}","{'distance_unit': 'mile', 'duration_estimate': 720, 'distance_estimate': 1.87}",6
39,"{'surge_confirmation_href': None, 'high_estimate': 8, 'surge_confirmation_id': None, 'minimum': 5, 'low_estimate': 5, 'fare_breakdown': [{'high_amount': 2.5, 'display_amount': '2.5', 'display_name': 'Base Fare', 'low_amount': 2.5}, {'high_amount': 2.33, 'display_amount': '1.75-2.33', 'display_name': 'Distance', 'low_amount': 1.75}, {'high_amount': 2.28, 'display_amount': '1.71-2.28', 'display_name': 'Time', 'low_amount': 1.71}], 'surge_multiplier': 1.0, 'display': '£5-8', 'currency_code': 'GBP'}","{'distance_unit': 'mile', 'duration_estimate': 780, 'distance_estimate': 1.55}",12
40,"{'surge_confirmation_href': None, 'high_estimate': 13, 'surge_confirmation_id': None, 'minimum': 5, 'low_estimate': 10, 'fare_breakdown': [{'high_amount': 2.5, 'display_amount': '2.5', 'display_name': 'Base Fare', 'low_amount': 2.5}, {'high_amount': 5.55, 'display_amount': '4.16-5.55', 'display_name': 'Distance', 'low_amount': 4.16}, {'high_amount': 4.74, 'display_amount': '3.55-4.74', 'display_name': 'Time', 'low_amount': 3.55}], 'surge_multiplier': 1.0, 'display': '£10-13', 'currency_code': 'GBP'}","{'distance_unit': 'mile', 'duration_estimate': 1560, 'distance_estimate': 3.7}",17
41,"{'surge_confirmation_href': None, 'high_estimate': 10, 'surge_confirmation_id': None, 'minimum': 5, 'low_estimate': 7, 'fare_breakdown': [{'high_amount': 2.5, 'display_amount': '2.5', 'display_name': 'Base Fare', 'low_amount': 2.5}, {'high_amount': 2.74, 'display_amount': '2.05-2.74', 'display_name': 'Distance', 'low_amount': 2.05}, {'high_amount': 3.85, 'display_amount': '2.88-3.85', 'display_name': 'Time', 'low_amount': 2.88}], 'surge_multiplier': 1.0, 'display': '£7-10', 'currency_code': 'GBP'}","{'distance_unit': 'mile', 'duration_estimate': 1260, 'distance_estimate': 1.82}",14
42,"{'surge_confirmation_href': None, 'high_estimate': 6, 'surge_confirmation_id': None, 'minimum': 5, 'low_estimate': 5, 'fare_breakdown': [{'high_amount': 2.5, 'display_amount': '2.5', 'display_name': 'Base Fare', 'low_amount': 2.5}, {'high_amount': 1.54, 'display_amount': '1.15-1.54', 'display_name': 'Distance', 'low_amount': 1.15}, {'high_amount': None, 'display_amount': '0.47', 'display_name': '£5.00 Minimum', 'low_amount': 0.47}, {'high_amount': 1.17, 'display_amount': '0.88-1.17', 'display_name': 'Time', 'low_amount': 0.88}], 'surge_multiplier': 1.0, 'display': '£5-6', 'currency_code': 'GBP'}","{'distance_unit': 'mile', 'duration_estimate': 360, 'distance_estimate': 1.02}",4
43,"{'surge_confirmation_href': 'https://api.uber.com/surge-confirmations/0a5ad015-ab1f-475f-9f0a-650e0f57ea45', 'high_estimate': 15, 'expires_at': 1542212630, 'surge_confirmation_id': '0a5ad015-ab1f-475f-9f0a-650e0f57ea45', 'minimum': 7, 'low_estimate': 11, 'fare_breakdown': [{'high_amount': 2.5, 'display_amount': '2.5', 'display_name': 'Base Fare', 'low_amount': 2.5}, {'high_amount': 4.43, 'display_amount': '3.31-4.43', 'display_name': 'Distance', 'low_amount': 3.31}, {'high_amount': 3.36, 'display_amount': '2.7-3.36', 'display_name': 'Surge x1.3', 'low_amount': 2.7}, {'high_amount': 4.26, 'display_amount': '3.2-4.26', 'display_name': 'Time', 'low_amount': 3.2}], 'surge_multiplier': 1.3, 'display': '£11-15', 'currency_code': 'GBP'}","{'distance_unit': 'mile', 'duration_estimate': 1440, 'distance_estimate': 2.95}",9
44,"{'surge_confirmation_href': None, 'high_estimate': 14, 'surge_confirmation_id': None, 'minimum': 5, 'low_estimate': 10, 'fare_breakdown': [{'high_amount': 2.5, 'display_amount': '2.5', 'display_name': 'Base Fare', 'low_amount': 2.5}, {'high_amount': 5.43, 'display_amount': '4.08-5.43', 'display_name': 'Distance', 'low_amount': 4.08}, {'high_amount': 5.69, 'display_amount': '4.27-5.69', 'display_name': 'Time', 'low_amount': 4.27}], 'surge_multiplier': 1.0, 'display': '£10-14', 'currency_code': 'GBP'}","{'distance_unit': 'mile', 'duration_estimate': 1920, 'distance_estimate': 3.62}",10
45,"{'surge_confirmation_href': None, 'high_estimate': 6, 'surge_confirmation_id': None, 'minimum': 5, 'low_estimate': 5, 'fare_breakdown': [{'high_amount': 2.5, 'display_amount': '2.5', 'display_name': 'Base Fare', 'low_amount': 2.5}, {'high_amount': 1.58, 'display_amount': '1.18-1.58', 'display_name': 'Distance', 'low_amount': 1.18}, {'high_amount': 1.78, 'display_amount': '1.34-1.78', 'display_name': 'Time', 'low_amount': 1.34}], 'surge_multiplier': 1.0, 'display': '£5-6', 'currency_code': 'GBP'}","{'distance_unit': 'mile', 'duration_estimate': 600, 'distance_estimate': 1.05}",17
46,"{'surge_confirmation_href': None, 'high_estimate': 8, 'surge_confirmation_id': None, 'minimum': 5, 'low_estimate': 6, 'fare_breakdown': [{'high_amount': 2.5, 'display_amount': '2.5', 'display_name': 'Base Fare', 'low_amount': 2.5}, {'high_amount': 2.5, 'display_amount': '1.88-2.5', 'display_name': 'Distance', 'low_amount': 1.88}, {'high_amount': 2.73, 'display_amount': '2.05-2.73', 'display_name': 'Time', 'low_amount': 2.05}], 'surge_multiplier': 1.0, 'display': '£6-8', 'currency_code': 'GBP'}","{'distance_unit': 'mile', 'duration_estimate': 900, 'distance_estimate': 1.67}",6
47,"{'surge_confirmation_href': None, 'high_estimate': 20, 'surge_confirmation_id': None, 'minimum': 5, 'low_estimate': 15, 'fare_breakdown': [{'high_amount': 2.5, 'display_amount': '2.5', 'display_name': 'Base Fare', 'low_amount': 2.5}, {'high_amount': 10.21, 'display_amount': '7.65-10.21', 'display_name': 'Distance', 'low_amount': 7.65}, {'high_amount': 7.25, 'display_amount': '5.43-7.25', 'display_name': 'Time', 'low_amount': 5.43}], 'surge_multiplier': 1.0, 'display': '£15-20', 'currency_code': 'GBP'}","{'distance_unit': 'mile', 'duration_estimate': 2400, 'distance_estimate': 6.8}",12
48,"{'surge_confirmation_href': None, 'high_estimate': 9, 'surge_confirmation_id': None, 'minimum': 5, 'low_estimate': 7, 'fare_breakdown': [{'high_amount': 2.5, 'display_amount': '2.5', 'display_name': 'Base Fare', 'low_amount': 2.5}, {'high_amount': 3.31, 'display_amount': '2.49-3.31', 'display_name': 'Distance', 'low_amount': 2.49}, {'high_amount': 2.75, 'display_amount': '2.06-2.75', 'display_name': 'Time', 'low_amount': 2.06}], 'surge_multiplier': 1.0, 'display': '£7-9', 'currency_code': 'GBP'}","{'distance_unit': 'mile', 'duration_estimate': 900, 'distance_estimate': 2.21}",15
49,"{'surge_confirmation_href': None, 'high_estimate': 6, 'surge_confirmation_id': None, 'minimum': 5, 'low_estimate': 5, 'fare_breakdown': [{'high_amount': 2.5, 'display_amount': '2.5', 'display_name': 'Base Fare', 'low_amount': 2.5}, {'high_amount': 1.24, 'display_amount': '0.93-1.24', 'display_name': 'Distance', 'low_amount': 0.93}, {'high_amount': 0.28, 'display_amount': '0.84-0.28', 'display_name': '£5.00 Minimum', 'low_amount': 0.84}, {'high_amount': 0.98, 'display_amount': '0.73-0.98', 'display_name': 'Time', 'low_amount': 0.73}], 'surge_multiplier': 1.0, 'display': '£5-6', 'currency_code': 'GBP'}","{'distance_unit': 'mile', 'duration_estimate': 300, 'distance_estimate': 0.82}",15
50,"{'surge_confirmation_href': None, 'high_estimate': 11, 'surge_confirmation_id': None, 'minimum': 5, 'low_estimate': 8, 'fare_breakdown': [{'high_amount': 2.5, 'display_amount': '2.5', 'display_name': 'Base Fare', 'low_amount': 2.5}, {'high_amount': 3.95, 'display_amount': '2.96-3.95', 'display_name': 'Distance', 'low_amount': 2.96}, {'high_amount': 3.58, 'display_amount': '2.68-3.58', 'display_name': 'Time', 'low_amount': 2.68}], 'surge_multiplier': 1.0, 'display': '£8-11', 'currency_code': 'GBP'}","{'distance_unit': 'mile', 'duration_estimate': 1200, 'distance_estimate': 2.64}",16
51,"{'surge_confirmation_href': None, 'high_estimate': 13, 'surge_confirmation_id': None, 'minimum': 5, 'low_estimate': 9, 'fare_breakdown': [{'high_amount': 2.5, 'display_amount': '2.5', 'display_name': 'Base Fare', 'low_amount': 2.5}, {'high_amount': 5.05, 'display_amount': '3.79-5.05', 'display_name': 'Distance', 'low_amount': 3.79}, {'high_amount': 4.9, 'display_amount': '3.67-4.9', 'display_name': 'Time', 'low_amount': 3.67}], 'surge_multiplier': 1.0, 'display': '£9-13', 'currency_code': 'GBP'}","{'distance_unit': 'mile', 'duration_estimate': 1620, 'distance_estimate': 3.36}",7
52,"{'surge_confirmation_href': None, 'high_estimate': 8, 'surge_confirmation_id': None, 'minimum': 5, 'low_estimate': 6, 'fare_breakdown': [{'high_amount': 2.5, 'display_amount': '2.5', 'display_name': 'Base Fare', 'low_amount': 2.5}, {'high_amount': 3.11, 'display_amount': '2.34-3.11', 'display_name': 'Distance', 'low_amount': 2.34}, {'high_amount': 1.81, 'display_amount': '1.35-1.81', 'display_name': 'Time', 'low_amount': 1.35}], 'surge_multiplier': 1.0, 'display': '£6-8', 'currency_code': 'GBP'}","{'distance_unit': 'mile', 'duration_estimate': 600, 'distance_estimate': 2.07}",7
53,"{'surge_confirmation_href': None, 'high_estimate': 9, 'surge_confirmation_id': None, 'minimum': 5, 'low_estimate': 6, 'fare_breakdown': [{'high_amount': 2.5, 'display_amount': '2.5', 'display_name': 'Base Fare', 'low_amount': 2.5}, {'high_amount': 3.09, 'display_amount': '2.31-3.09', 'display_name': 'Distance', 'low_amount': 2.31}, {'high_amount': 2.55, 'display_amount': '1.91-2.55', 'display_name': 'Time', 'low_amount': 1.91}], 'surge_multiplier': 1.0, 'display': '£6-9', 'currency_code': 'GBP'}","{'distance_unit': 'mile', 'duration_estimate': 840, 'distance_estimate': 2.06}",10
54,"{'surge_confirmation_href': None, 'high_estimate': 13, 'surge_confirmation_id': None, 'minimum': 5, 'low_estimate': 10, 'fare_breakdown': [{'high_amount': 2.5, 'display_amount': '2.5', 'display_name': 'Base Fare', 'low_amount': 2.5}, {'high_amount': 5.35, 'display_amount': '4.01-5.35', 'display_name': 'Distance', 'low_amount': 4.01}, {'high_amount': 4.66, 'display_amount': '3.5-4.66', 'display_name': 'Time', 'low_amount': 3.5}], 'surge_multiplier': 1.0, 'display': '£10-13', 'currency_code': 'GBP'}","{'distance_unit': 'mile', 'duration_estimate': 1560, 'distance_estimate': 3.57}",10
55,"{'surge_confirmation_href': 'https://api.uber.com/surge-confirmations/711e97b3-0be7-4242-9c3c-4fdfaf4e820e', 'high_estimate': 12, 'expires_at': 1542212643, 'surge_confirmation_id': '711e97b3-0be7-4242-9c3c-4fdfaf4e820e', 'minimum': 7, 'low_estimate': 9, 'fare_breakdown': [{'high_amount': 2.5, 'display_amount': '2.5', 'display_name': 'Base Fare', 'low_amount': 2.5}, {'high_amount': 3.1, 'display_amount': '2.33-3.1', 'display_name': 'Distance', 'low_amount': 2.33}, {'high_amount': 2.55, 'display_amount': '2.1-2.55', 'display_name': 'Surge x1.3', 'low_amount': 2.1}, {'high_amount': 2.89, 'display_amount': '2.16-2.89', 'display_name': 'Time', 'low_amount': 2.16}], 'surge_multiplier': 1.3, 'display': '£9-12', 'currency_code': 'GBP'}","{'distance_unit': 'mile', 'duration_estimate': 960, 'distance_estimate': 2.06}",18
56,"{'surge_confirmation_href': 'https://api.uber.com/surge-confirmations/63ae30ed-1f74-4dd3-828c-f18c9e186c08', 'high_estimate': 10, 'expires_at': 1542212645, 'surge_confirmation_id': '63ae30ed-1f74-4dd3-828c-f18c9e186c08', 'minimum': 7, 'low_estimate': 7, 'fare_breakdown': [{'high_amount': 2.5, 'display_amount': '2.5', 'display_name': 'Base Fare', 'low_amount': 2.5}, {'high_amount': 2.55, 'display_amount': '1.91-2.55', 'display_name': 'Distance', 'low_amount': 1.91}, {'high_amount': 2.19, 'display_amount': '1.83-2.19', 'display_name': 'Surge x1.3', 'low_amount': 1.83}, {'high_amount': 2.26, 'display_amount': '1.69-2.26', 'display_name': 'Time', 'low_amount': 1.69}], 'surge_multiplier': 1.3, 'display': '£7-10', 'currency_code': 'GBP'}","{'distance_unit': 'mile', 'duration_estimate': 780, 'distance_estimate': 1.7}",22
57,"{'surge_confirmation_href': 'https://api.uber.com/surge-confirmations/971199f6-2d8c-446c-9dd3-aa88c99233a9', 'high_estimate': 15, 'expires_at': 1542212646, 'surge_confirmation_id': '971199f6-2d8c-446c-9dd3-aa88c99233a9', 'minimum': 7, 'low_estimate': 11, 'fare_breakdown': [{'high_amount': 2.5, 'display_amount': '2.5', 'display_name': 'Base Fare', 'low_amount': 2.5}, {'high_amount': 3.93, 'display_amount': '2.95-3.93', 'display_name': 'Distance', 'low_amount': 2.95}, {'high_amount': 3.29, 'display_amount': '2.66-3.29', 'display_name': 'Surge x1.3', 'low_amount': 2.66}, {'high_amount': 4.55, 'display_amount': '3.41-4.55', 'display_name': 'Time', 'low_amount': 3.41}], 'surge_multiplier': 1.3, 'display': '£11-15', 'currency_code': 'GBP'}","{'distance_unit': 'mile', 'duration_estimate': 1500, 'distance_estimate': 2.62}",17
58,"{'surge_confirmation_href': None, 'high_estimate': 8, 'surge_confirmation_id': None, 'minimum': 5, 'low_estimate': 6, 'fare_breakdown': [{'high_amount': 2.5, 'display_amount': '2.5', 'display_name': 'Base Fare', 'low_amount': 2.5}, {'high_amount': 3.26, 'display_amount': '2.45-3.26', 'display_name': 'Distance', 'low_amount': 2.45}, {'high_amount': 2.15, 'display_amount': '1.61-2.15', 'display_name': 'Time', 'low_amount': 1.61}], 'surge_multiplier': 1.0, 'display': '£6-8', 'currency_code': 'GBP'}","{'distance_unit': 'mile', 'duration_estimate': 720, 'distance_estimate': 2.18}",10
59,"{'surge_confirmation_href': None, 'high_estimate': 7, 'surge_confirmation_id': None, 'minimum': 5, 'low_estimate': 5, 'fare_breakdown': [{'high_amount': 2.5, 'display_amount': '2.5', 'display_name': 'Base Fare', 'low_amount': 2.5}, {'high_amount': 2.69, 'display_amount': '2.01-2.69', 'display_name': 'Distance', 'low_amount': 2.01}, {'high_amount': 1.63, 'display_amount': '1.23-1.63', 'display_name': 'Time', 'low_amount': 1.23}], 'surge_multiplier': 1.0, 'display': '$£5-7', 'currency_code': 'GBP'}","{'distance_unit': 'mile', 'duration_estimate': 540, 'distance_estimate': 1.79}",12
60,"{'surge_confirmation_href': None, 'high_estimate': 6, 'surge_confirmation_id': None, 'minimum': 5, 'low_estimate': 5, 'fare_breakdown': [{'high_amount': 2.5, 'display_amount': '2.5', 'display_name': 'Base Fare', 'low_amount': 2.5}, {'high_amount': 2.01, 'display_amount': '1.51-2.01', 'display_name': 'Distance', 'low_amount': 1.51}, {'high_amount': None, 'display_amount': '0.03', 'display_name': '£5.00 Minimum', 'low_amount': 0.03}, {'high_amount': 1.28, 'display_amount': '0.96-1.28', 'display_name': 'Time', 'low_amount': 0.96}], 'surge_multiplier': 1.0, 'display': '£5-6', 'currency_code': 'GBP'}","{'distance_unit': 'mile', 'duration_estimate': 420, 'distance_estimate': 1.34}",12
61,"{'surge_confirmation_href': None, 'high_estimate': 8, 'surge_confirmation_id': None, 'minimum': 5, 'low_estimate': 6, 'fare_breakdown': [{'high_amount': 2.5, 'display_amount': '2.5', 'display_name': 'Base Fare', 'low_amount': 2.5}, {'high_amount': 2.64, 'display_amount': '1.98-2.64', 'display_name': 'Distance', 'low_amount': 1.98}, {'high_amount': 2.16, 'display_amount': '1.62-2.16', 'display_name': 'Time', 'low_amount': 1.62}], 'surge_multiplier': 1.0, 'display': '£6-8', 'currency_code': 'GBP'}","{'distance_unit': 'mile', 'duration_estimate': 720, 'distance_estimate': 1.76}",10
62,"{'surge_confirmation_href': None, 'high_estimate': 6, 'surge_confirmation_id': None, 'minimum': 5, 'low_estimate': 5, 'fare_breakdown': [{'high_amount': 2.5, 'display_amount': '2.5', 'display_name': 'Base Fare', 'low_amount': 2.5}, {'high_amount': 1.39, 'display_amount': '1.04-1.39', 'display_name': 'Distance', 'low_amount': 1.04}, {'high_amount': None, 'display_amount': '0.46', 'display_name': '£5.00 Minimum', 'low_amount': 0.46}, {'high_amount': 1.33, 'display_amount': '1-1.33', 'display_name': 'Time', 'low_amount': 1.0}], 'surge_multiplier': 1.0, 'display': '£5-6', 'currency_code': 'GBP'}","{'distance_unit': 'mile', 'duration_estimate': 420, 'distance_estimate': 0.92}",6
63,"{'surge_confirmation_href': None, 'high_estimate': 6, 'surge_confirmation_id': None, 'minimum': 5, 'low_estimate': 5, 'fare_breakdown': [{'high_amount': 2.5, 'display_amount': '2.5', 'display_name': 'Base Fare', 'low_amount': 2.5}, {'high_amount': 1.95, 'display_amount': '1.46-1.95', 'display_name': 'Distance', 'low_amount': 1.46}, {'high_amount': None, 'display_amount': '0.01', 'display_name': '£5.00 Minimum', 'low_amount': 0.01}, {'high_amount': 1.38, 'display_amount': '1.03-1.38', 'display_name': 'Time', 'low_amount': 1.03}], 'surge_multiplier': 1.0, 'display': '£5-6', 'currency_code': 'GBP'}","{'distance_unit': 'mile', 'duration_estimate': 480, 'distance_estimate': 1.3}",6
64,"{'surge_confirmation_href': None, 'high_estimate': 8, 'surge_confirmation_id': None, 'minimum': 5, 'low_estimate': 6, 'fare_breakdown': [{'high_amount': 2.5, 'display_amount': '2.5', 'display_name': 'Base Fare', 'low_amount': 2.5}, {'high_amount': 2.9, 'display_amount': '2.18-2.9', 'display_name': 'Distance', 'low_amount': 2.18}, {'high_amount': 2.22, 'display_amount': '1.66-2.22', 'display_name': 'Time', 'low_amount': 1.66}], 'surge_multiplier': 1.0, 'display': '£6-8', 'currency_code': 'GBP'}","{'distance_unit': 'mile', 'duration_estimate': 720, 'distance_estimate': 1.94}",16
65,"{'surge_confirmation_href': None, 'high_estimate': 6, 'surge_confirmation_id': None, 'minimum': 5, 'low_estimate': 5, 'fare_breakdown': [{'high_amount': 2.5, 'display_amount': '2.5', 'display_name': 'Base Fare', 'low_amount': 2.5}, {'high_amount': 1.2, 'display_amount': '0.9-1.2', 'display_name': 'Distance', 'low_amount': 0.9}, {'high_amount': 0.13, 'display_amount': '0.72-0.13', 'display_name': '£5.00 Minimum', 'low_amount': 0.72}, {'high_amount': 1.17, 'display_amount': '0.88-1.17', 'display_name': 'Time', 'low_amount': 0.88}], 'surge_multiplier': 1.0, 'display': '£5-6', 'currency_code': 'GBP'}","{'distance_unit': 'mile', 'duration_estimate': 420, 'distance_estimate': 0.8}",11
66,"{'surge_confirmation_href': None, 'high_estimate': 10, 'surge_confirmation_id': None, 'minimum': 5, 'low_estimate': 7, 'fare_breakdown': [{'high_amount': 2.5, 'display_amount': '2.5', 'display_name': 'Base Fare', 'low_amount': 2.5}, {'high_amount': 3.56, 'display_amount': '2.68-3.56', 'display_name': 'Distance', 'low_amount': 2.68}, {'high_amount': 3.16, 'display_amount': '2.37-3.16', 'display_name': 'Time', 'low_amount': 2.37}], 'surge_multiplier': 1.0, 'display': '£7-10', 'currency_code': 'GBP'}","{'distance_unit': 'mile', 'duration_estimate': 1080, 'distance_estimate': 2.38}",11
67,"{'surge_confirmation_href': None, 'high_estimate': 6, 'surge_confirmation_id': None, 'minimum': 5, 'low_estimate': 5, 'fare_breakdown': [{'high_amount': 2.5, 'display_amount': '2.5', 'display_name': 'Base Fare', 'low_amount': 2.5}, {'high_amount': 0.66, 'display_amount': '0.5-0.66', 'display_name': 'Distance', 'low_amount': 0.5}, {'high_amount': 0.69, 'display_amount': '1.14-0.69', 'display_name': '£5.00 Minimum', 'low_amount': 1.14}, {'high_amount': 1.15, 'display_amount': '0.86-1.15', 'display_name': 'Time', 'low_amount': 0.86}], 'surge_multiplier': 1.0, 'display': '£5-6', 'currency_code': 'GBP'}","{'distance_unit': 'mile', 'duration_estimate': 360, 'distance_estimate': 0.44}",19
68,"{'surge_confirmation_href': None, 'high_estimate': 9, 'surge_confirmation_id': None, 'minimum': 5, 'low_estimate': 6, 'fare_breakdown': [{'high_amount': 2.5, 'display_amount': '2.5', 'display_name': 'Base Fare', 'low_amount': 2.5}, {'high_amount': 3.08, 'display_amount': '2.31-3.08', 'display_name': 'Distance', 'low_amount': 2.31}, {'high_amount': 2.6, 'display_amount': '1.95-2.6', 'display_name': 'Time', 'low_amount': 1.95}], 'surge_multiplier': 1.0, 'display': '£6-9', 'currency_code': 'GBP'}","{'distance_unit': 'mile', 'duration_estimate': 840, 'distance_estimate': 2.05}",7
69,"{'surge_confirmation_href': None, 'high_estimate': 7, 'surge_confirmation_id': None, 'minimum': 5, 'low_estimate': 5, 'fare_breakdown': [{'high_amount': 2.5, 'display_amount': '2.5', 'display_name': 'Base Fare', 'low_amount': 2.5}, {'high_amount': 1.96, 'display_amount': '1.46-1.96', 'display_name': 'Distance', 'low_amount': 1.46}, {'high_amount': 1.94, 'display_amount': '1.46-1.94', 'display_name': 'Time', 'low_amount': 1.46}], 'surge_multiplier': 1.0, 'display': '£5-7', 'currency_code': 'GBP'}","{'distance_unit': 'mile', 'duration_estimate': 660, 'distance_estimate': 1.3}",4
70,"{'surge_confirmation_href': None, 'high_estimate': 6, 'surge_confirmation_id': None, 'minimum': 5, 'low_estimate': 5, 'fare_breakdown': [{'high_amount': 2.5, 'display_amount': '2.5', 'display_name': 'Base Fare', 'low_amount': 2.5}, {'high_amount': 1.43, 'display_amount': '1.06-1.43', 'display_name': 'Distance', 'low_amount': 1.06}, {'high_amount': None, 'display_amount': '0.21', 'display_name': '£5.00 Minimum', 'low_amount': 0.21}, {'high_amount': 1.63, 'display_amount': '1.23-1.63', 'display_name': 'Time', 'low_amount': 1.23}], 'surge_multiplier': 1.0, 'display': '£5-6', 'currency_code': 'GBP'}","{'distance_unit': 'mile', 'duration_estimate': 540, 'distance_estimate': 0.95}",16
71,"{'surge_confirmation_href': None, 'high_estimate': 12, 'surge_confirmation_id': None, 'minimum': 5, 'low_estimate': 9, 'fare_breakdown': [{'high_amount': 2.5, 'display_amount': '2.5', 'display_name': 'Base Fare', 'low_amount': 2.5}, {'high_amount': 5.1, 'display_amount': '3.83-5.1', 'display_name': 'Distance', 'low_amount': 3.83}, {'high_amount': 3.82, 'display_amount': '2.87-3.82', 'display_name': 'Time', 'low_amount': 2.87}], 'surge_multiplier': 1.0, 'display': '£9-12', 'currency_code': 'GBP'}","{'distance_unit': 'mile', 'duration_estimate': 1260, 'distance_estimate': 3.4}",13
72,"{'surge_confirmation_href': None, 'high_estimate': 6, 'surge_confirmation_id': None, 'minimum': 5, 'low_estimate': 5, 'fare_breakdown': [{'high_amount': 2.5, 'display_amount': '2.5', 'display_name': 'Base Fare', 'low_amount': 2.5}, {'high_amount': 0.56, 'display_amount': '0.43-0.56', 'display_name': 'Distance', 'low_amount': 0.43}, {'high_amount': 1.17, 'display_amount': '1.49-1.17', 'display_name': '£5.00 Minimum', 'low_amount': 1.49}, {'high_amount': 0.77, 'display_amount': '0.58-0.77', 'display_name': 'Time', 'low_amount': 0.58}], 'surge_multiplier': 1.0, 'display': '£5-6', 'currency_code': 'GBP'}","{'distance_unit': 'mile', 'duration_estimate': 240, 'distance_estimate': 0.37}",16
73,"{'surge_confirmation_href': None, 'high_estimate': 7, 'surge_confirmation_id': None, 'minimum': 5, 'low_estimate': 5, 'fare_breakdown': [{'high_amount': 2.5, 'display_amount': '2.5', 'display_name': 'Base Fare', 'low_amount': 2.5}, {'high_amount': 2.31, 'display_amount': '1.74-2.31', 'display_name': 'Distance', 'low_amount': 1.74}, {'high_amount': 2.05, 'display_amount': '1.54-2.05', 'display_name': 'Time', 'low_amount': 1.54}], 'surge_multiplier': 1.0, 'display': '£5-7', 'currency_code': 'GBP'}","{'distance_unit': 'mile', 'duration_estimate': 660, 'distance_estimate': 1.54}",14
74,"{'surge_confirmation_href': None, 'high_estimate': 10, 'surge_confirmation_id': None, 'minimum': 5, 'low_estimate': 7, 'fare_breakdown': [{'high_amount': 2.5, 'display_amount': '2.5', 'display_name': 'Base Fare', 'low_amount': 2.5}, {'high_amount': 3.71, 'display_amount': '2.79-3.71', 'display_name': 'Distance', 'low_amount': 2.79}, {'high_amount': 3.16, 'display_amount': '2.37-3.16', 'display_name': 'Time', 'low_amount': 2.37}], 'surge_multiplier': 1.0, 'display': '£7-10', 'currency_code': 'GBP'}","{'distance_unit': 'mile', 'duration_estimate': 1080, 'distance_estimate': 2.47}",6
75,"{'surge_confirmation_href': None, 'high_estimate': 9, 'surge_confirmation_id': None, 'minimum': 5, 'low_estimate': 6, 'fare_breakdown': [{'high_amount': 2.5, 'display_amount': '2.5', 'display_name': 'Base Fare', 'low_amount': 2.5}, {'high_amount': 3.19, 'display_amount': '2.39-3.19', 'display_name': 'Distance', 'low_amount': 2.39}, {'high_amount': 2.42, 'display_amount': '1.82-2.42', 'display_name': 'Time', 'low_amount': 1.82}], 'surge_multiplier': 1.0, 'display': '£6-9', 'currency_code': 'GBP'}","{'distance_unit': 'mile', 'duration_estimate': 780, 'distance_estimate': 2.13}",14
76,"{'surge_confirmation_href': None, 'high_estimate': 6, 'surge_confirmation_id': None, 'minimum': 5, 'low_estimate': 5, 'fare_breakdown': [{'high_amount': 2.5, 'display_amount': '2.5', 'display_name': 'Base Fare', 'low_amount': 2.5}, {'high_amount': 1.38, 'display_amount': '1.03-1.38', 'display_name': 'Distance', 'low_amount': 1.03}, {'high_amount': None, 'display_amount': '0.3', 'display_name': '£5.00 Minimum', 'low_amount': 0.3}, {'high_amount': 1.56, 'display_amount': '1.17-1.56', 'display_name': 'Time', 'low_amount': 1.17}], 'surge_multiplier': 1.0, 'display': '£5-6', 'currency_code': 'GBP'}","{'distance_unit': 'mile', 'duration_estimate': 540, 'distance_estimate': 0.92}",16
77,"{'surge_confirmation_href': None, 'high_estimate': 7, 'surge_confirmation_id': None, 'minimum': 5, 'low_estimate': 5, 'fare_breakdown': [{'high_amount': 2.5, 'display_amount': '2.5', 'display_name': 'Base Fare', 'low_amount': 2.5}, {'high_amount': 1.93, 'display_amount': '1.45-1.93', 'display_name': 'Distance', 'low_amount': 1.45}, {'high_amount': 1.7, 'display_amount': '1.28-1.7', 'display_name': 'Time', 'low_amount': 1.28}], 'surge_multiplier': 1.0, 'display': '£5-7', 'currency_code': 'GBP'}","{'distance_unit': 'mile', 'duration_estimate': 540, 'distance_estimate': 1.28}",14
78,"{'surge_confirmation_href': None, 'high_estimate': 16, 'surge_confirmation_id': None, 'minimum': 5, 'low_estimate': 11, 'fare_breakdown': [{'high_amount': 2.5, 'display_amount': '2.5', 'display_name': 'Base Fare', 'low_amount': 2.5}, {'high_amount': 5.76, 'display_amount': '4.33-5.76', 'display_name': 'Distance', 'low_amount': 4.33}, {'high_amount': 6.83, 'display_amount': '5.12-6.83', 'display_name': 'Time', 'low_amount': 5.12}], 'surge_multiplier': 1.0, 'display': '£11-16', 'currency_code': 'GBP'}","{'distance_unit': 'mile', 'duration_estimate': 2280, 'distance_estimate': 3.84}",9
79,"{'surge_confirmation_href': None, 'high_estimate': 7, 'surge_confirmation_id': None, 'minimum': 5, 'low_estimate': 5, 'fare_breakdown': [{'high_amount': 2.5, 'display_amount': '2.5', 'display_name': 'Base Fare', 'low_amount': 2.5}, {'high_amount': 2.05, 'display_amount': '1.54-2.05', 'display_name': 'Distance', 'low_amount': 1.54}, {'high_amount': 1.85, 'display_amount': '1.39-1.85', 'display_name': 'Time', 'low_amount': 1.39}], 'surge_multiplier': 1.0, 'display': '£5-7', 'currency_code': 'GBP'}","{'distance_unit': 'mile', 'duration_estimate': 600, 'distance_estimate': 1.37}",7
80,"{'surge_confirmation_href': None, 'high_estimate': 6, 'surge_confirmation_id': None, 'minimum': 5, 'low_estimate': 5, 'fare_breakdown': [{'high_amount': 2.5, 'display_amount': '2.5', 'display_name': 'Base Fare', 'low_amount': 2.5}, {'high_amount': 1.68, 'display_amount': '1.25-1.68', 'display_name': 'Distance', 'low_amount': 1.25}, {'high_amount': None, 'display_amount': '0.16', 'display_name': '£5.00 Minimum', 'low_amount': 0.16}, {'high_amount': 1.46, 'display_amount': '1.09-1.46', 'display_name': 'Time', 'low_amount': 1.09}], 'surge_multiplier': 1.0, 'display': '£5-6', 'currency_code': 'GBP'}","{'distance_unit': 'mile', 'duration_estimate': 480, 'distance_estimate': 1.11}",3
81,"{'surge_confirmation_href': None, 'high_estimate': 10, 'surge_confirmation_id': None, 'minimum': 5, 'low_estimate': 7, 'fare_breakdown': [{'high_amount': 2.5, 'display_amount': '2.5', 'display_name': 'Base Fare', 'low_amount': 2.5}, {'high_amount': 4.4, 'display_amount': '3.3-4.4', 'display_name': 'Distance', 'low_amount': 3.3}, {'high_amount': 2.86, 'display_amount': '2.15-2.86', 'display_name': 'Time', 'low_amount': 2.15}], 'surge_multiplier': 1.0, 'display': '£7-10', 'currency_code': 'GBP'}","{'distance_unit': 'mile', 'duration_estimate': 960, 'distance_estimate': 2.93}",8
82,"{'surge_confirmation_href': None, 'high_estimate': 11, 'surge_confirmation_id': None, 'minimum': 5, 'low_estimate': 8, 'fare_breakdown': [{'high_amount': 2.5, 'display_amount': '2.5', 'display_name': 'Base Fare', 'low_amount': 2.5}, {'high_amount': 4.58, 'display_amount': '3.44-4.58', 'display_name': 'Distance', 'low_amount': 3.44}, {'high_amount': 3.69, 'display_amount': '2.77-3.69', 'display_name': 'Time', 'low_amount': 2.77}], 'surge_multiplier': 1.0, 'display': '£8-11', 'currency_code': 'GBP'}","{'distance_unit': 'mile', 'duration_estimate': 1260, 'distance_estimate': 3.05}",10
83,"{'surge_confirmation_href': None, 'high_estimate': 6, 'surge_confirmation_id': None, 'minimum': 5, 'low_estimate': 5, 'fare_breakdown': [{'high_amount': 2.5, 'display_amount': '2.5', 'display_name': 'Base Fare', 'low_amount': 2.5}, {'high_amount': 1.21, 'display_amount': '0.91-1.21', 'display_name': 'Distance', 'low_amount': 0.91}, {'high_amount': None, 'display_amount': '0.57', 'display_name': '£5.00 Minimum', 'low_amount': 0.57}, {'high_amount': 1.36, 'display_amount': '1.02-1.36', 'display_name': 'Time', 'low_amount': 1.02}], 'surge_multiplier': 1.0, 'display': '£5-6', 'currency_code': 'GBP'}","{'distance_unit': 'mile', 'duration_estimate': 480, 'distance_estimate': 0.81}",14
84,"{'surge_confirmation_href': None, 'high_estimate': 6, 'surge_confirmation_id': None, 'minimum': 5, 'low_estimate': 5, 'fare_breakdown': [{'high_amount': 2.5, 'display_amount': '2.5', 'display_name': 'Base Fare', 'low_amount': 2.5}, {'high_amount': 1.53, 'display_amount': '1.14-1.53', 'display_name': 'Distance', 'low_amount': 1.14}, {'high_amount': 0.1, 'display_amount': '0.71-0.1', 'display_name': '£5.00 Minimum', 'low_amount': 0.71}, {'high_amount': 0.87, 'display_amount': '0.65-0.87', 'display_name': 'Time', 'low_amount': 0.65}], 'surge_multiplier': 1.0, 'display': '£5-6', 'currency_code': 'GBP'}","{'distance_unit': 'mile', 'duration_estimate': 300, 'distance_estimate': 1.01}",5
85,"{'surge_confirmation_href': None, 'high_estimate': 9, 'surge_confirmation_id': None, 'minimum': 5, 'low_estimate': 7, 'fare_breakdown': [{'high_amount': 2.5, 'display_amount': '2.5', 'display_name': 'Base Fare', 'low_amount': 2.5}, {'high_amount': 3.55, 'display_amount': '2.66-3.55', 'display_name': 'Distance', 'low_amount': 2.66}, {'high_amount': 2.79, 'display_amount': '2.09-2.79', 'display_name': 'Time', 'low_amount': 2.09}], 'surge_multiplier': 1.0, 'display': '£7-9', 'currency_code': 'GBP'}","{'distance_unit': 'mile', 'duration_estimate': 960, 'distance_estimate': 2.37}",11
