station__id,station__name,station__terminalName,station__lat,station__long,station__installed,station__locked,station__installDate,station__removalDate,station__temporary
1,"River Street , Clerkenwell",1023,51.52916347,-0.109970527,TRUE,FALSE,1.27895E+12,,FALSE
2,"Phillimore Gardens, Kensington",1018,51.49960695,-0.197574246,TRUE,FALSE,1.27859E+12,,FALSE
3,"Christopher Street, Liverpool Street",1012,51.52128377,-0.084605692,TRUE,FALSE,1.27824E+12,,FALSE
4,"St. Chad's Street, King's Cross",1013,51.53005939,-0.120973687,TRUE,FALSE,1.27824E+12,,FALSE
5,"Sedding Street, Sloane Square",3420,51.49313,-0.156876,TRUE,FALSE,1.27824E+12,,FALSE
6,"Broadcasting House, Marylebone",3424,51.51811784,-0.144228881,TRUE,FALSE,1.27824E+12,,FALSE
7,"Charlbert Street, St. John's Wood",3422,51.53430039,-0.1680743,TRUE,FALSE,1.27824E+12,,FALSE
8,"Maida Vale, Maida Vale",3423,51.529857,-0.18348604,TRUE,FALSE,1.54098E+12,,FALSE
9,"New Globe Walk, Bankside",1015,51.5073853,-0.096440751,TRUE,FALSE,1.27824E+12,,FALSE
10,"Park Street, Bankside",1024,51.50597426,-0.092754157,TRUE,FALSE,1.27824E+12,,FALSE
11,"Brunswick Square, Bloomsbury",1022,51.52395143,-0.122502346,TRUE,FALSE,1.27834E+12,,FALSE
12,"Malet Street, Bloomsbury",980,51.52168078,-0.130431727,TRUE,FALSE,1.27834E+12,,FALSE
13,"Scala Street, Fitzrovia",970,51.51991453,-0.136039674,TRUE,FALSE,1.27834E+12,,FALSE
14,"Belgrove Street , King's Cross",1011,51.52994371,-0.123616824,TRUE,FALSE,1.27834E+12,,FALSE
15,"Great Russell Street, Bloomsbury",988,51.51772703,-0.127854211,TRUE,FALSE,1.27834E+12,,FALSE
16,"Cartwright Gardens , Bloomsbury",1010,51.52635795,-0.125979294,TRUE,FALSE,1.27834E+12,,FALSE
17,"Hatton Wall, Holborn",1008,51.5216612,-0.109006325,TRUE,FALSE,1.27842E+12,,FALSE
18,"Drury Lane, Covent Garden",1007,51.51477076,-0.12221963,TRUE,FALSE,1.27843E+12,,FALSE
19,"Taviton Street, Bloomsbury",1009,51.52505093,-0.131161087,TRUE,FALSE,1.27843E+12,,FALSE
21,"Hampstead Road (Cartmel), Euston",3426,51.53007835,-0.13884627,TRUE,FALSE,1.27843E+12,,FALSE
22,"Northington Street , Holborn",3425,51.5222641,-0.114079481,TRUE,FALSE,1.27843E+12,,FALSE
23,"Red Lion Square, Holborn",3421,51.51943538,-0.119123345,TRUE,FALSE,1.27843E+12,,FALSE
24,"British Museum, Bloomsbury",981,51.51908011,-0.124678402,TRUE,FALSE,1.27843E+12,,FALSE
25,"Doric Way , Somers Town",1004,51.5288338,-0.132250369,TRUE,FALSE,1.27843E+12,,FALSE
26,"Ampton Street , Clerkenwell",1019,51.52728093,-0.11829517,TRUE,FALSE,1.27843E+12,,FALSE
27,"Bouverie Street, Temple",1021,51.51382102,-0.107927706,TRUE,FALSE,1.2785E+12,,FALSE
28,"Bolsover Street, Fitzrovia",1025,51.52351808,-0.143613641,TRUE,FALSE,1.2785E+12,,FALSE
29,"Hereford Road, Bayswater",1016,51.513735,-0.193487,TRUE,FALSE,1.2785E+12,,FALSE
30,"Windsor Terrace, Hoxton",1029,51.52915444,-0.093421615,TRUE,FALSE,1.2785E+12,,FALSE
31,"Fanshaw Street, Hoxton",3427,51.52953709,-0.083353323,TRUE,FALSE,1.2785E+12,,FALSE
32,"Leonard Circus , Shoreditch",1020,51.52469624,-0.084439283,TRUE,FALSE,1.27851E+12,,FALSE
33,"Central House, Aldgate",3430,51.5156,-0.070056,TRUE,FALSE,1.27851E+12,,FALSE
34,"Pancras Road, King's Cross",3428,51.5341235,-0.129386874,TRUE,FALSE,1.27851E+12,,FALSE
36,"De Vere Gardens, Kensington",3446,51.50173726,-0.184980612,TRUE,FALSE,1.27852E+12,,FALSE
37,"Penywern Road, Earl's Court",3444,51.49159394,-0.192369256,TRUE,FALSE,1.27852E+12,,FALSE
38,"Abingdon Villas, Kensington",3442,51.4973875,-0.197245586,TRUE,FALSE,1.27858E+12,,FALSE
39,"Shoreditch High Street, Shoreditch",3445,51.5263778,-0.078130921,TRUE,FALSE,1.2786E+12,,FALSE
40,"Commercial Street, Shoreditch",1083,51.52127071,-0.0755789,TRUE,FALSE,1.2786E+12,,FALSE
41,"Pindar Street, Liverpool Street",1084,51.520955,-0.083493552,TRUE,FALSE,1.2786E+12,,FALSE
42,"Wenlock Road , Hoxton",979,51.53099181,-0.093903825,TRUE,FALSE,1.2786E+12,,FALSE
43,"Crawford Street, Marylebone",1036,51.52026,-0.157183945,TRUE,FALSE,1.27869E+12,,FALSE
44,"Bruton Street, Mayfair",1034,51.51073687,-0.144165239,TRUE,FALSE,1.27869E+12,,FALSE
45,"Boston Place, Marylebone",1035,51.522511,-0.162298,TRUE,FALSE,1.27869E+12,,FALSE
46,"Nesham Street, Wapping",1031,51.507131,-0.06691,TRUE,FALSE,1.27869E+12,,FALSE
47,"Warwick Avenue Station, Maida Vale",1027,51.52334476,-0.183846408,TRUE,FALSE,1.27875E+12,,FALSE
48,"Godliman Street, St. Paul's",971,51.51248445,-0.099141408,TRUE,FALSE,1.27875E+12,,FALSE
49,"Curzon Street, Mayfair",3437,51.50706909,-0.145904427,TRUE,FALSE,1.27875E+12,,FALSE
50,"East Road, Hoxton",1054,51.52867339,-0.087459376,TRUE,FALSE,1.27875E+12,,FALSE
51,"Finsbury Library , Finsbury",986,51.52671796,-0.104298194,TRUE,FALSE,1.27875E+12,,FALSE
52,"Roscoe Street, St. Luke's",1026,51.52295439,-0.094934859,TRUE,FALSE,1.27875E+12,,FALSE
53,"Grafton Street, Mayfair",3431,51.5099923,-0.143495266,TRUE,FALSE,1.27875E+12,,FALSE
54,"Golden Lane, Barbican",967,51.52174785,-0.094475072,TRUE,FALSE,1.27877E+12,,FALSE
55,"Finsbury Circus, Liverpool Street",984,51.51707521,-0.086685542,TRUE,FALSE,1.27877E+12,,FALSE
56,"Paddington Street, Marylebone",1033,51.52058381,-0.154701411,TRUE,FALSE,1.27877E+12,,FALSE
57,"Guilford Street , Bloomsbury",974,51.52334672,-0.120202614,TRUE,FALSE,1.27877E+12,,FALSE
58,"New Inn Yard, Shoreditch",1032,51.52452699,-0.079248081,TRUE,FALSE,1.27877E+12,,FALSE
60,"Lisson Grove, St. John's Wood",1030,51.52644828,-0.172190727,TRUE,FALSE,1.27877E+12,,FALSE
61,"Great Dover Street, The Borough",1017,51.49738251,-0.089446947,TRUE,FALSE,1.27877E+12,,FALSE
62,"Cotton Garden Estate, Kennington",990,51.4907579,-0.106323685,TRUE,FALSE,1.27877E+12,,FALSE
63,"Murray Grove , Hoxton",989,51.53089041,-0.089782579,TRUE,FALSE,1.27877E+12,,FALSE
64,"William IV Street, Strand",1028,51.50946212,-0.124749274,TRUE,FALSE,1.27877E+12,,FALSE
65,"Gower Place , Euston",969,51.52522753,-0.13518856,TRUE,FALSE,1.27884E+12,,FALSE
66,"Holborn Circus, Holborn",982,51.51795029,-0.108657431,TRUE,FALSE,1.27885E+12,,FALSE
67,"Hatton Garden, Holborn",985,51.51882555,-0.108028472,TRUE,FALSE,1.27885E+12,,FALSE
68,"Theobald's Road , Holborn",975,51.52059681,-0.116688468,TRUE,FALSE,1.27886E+12,,FALSE
69,"Euston Road, Euston",983,51.5262363,-0.134407652,TRUE,FALSE,1.27886E+12,,FALSE
70,"Calshot Street , King's Cross",1066,51.53136059,-0.117069978,TRUE,FALSE,1.27886E+12,,FALSE
71,"Newgate Street , St. Paul's",1074,51.5154186,-0.098850915,TRUE,FALSE,1.27892E+12,,FALSE
72,"Farringdon Lane, Clerkenwell",3432,51.52352001,-0.108340165,TRUE,FALSE,1.27894E+12,,FALSE
73,"Old Street Station, St. Luke's",1064,51.52572618,-0.088486188,TRUE,FALSE,1.27894E+12,,FALSE
74,"Vauxhall Cross, Vauxhall",1000,51.48591714,-0.124469948,TRUE,FALSE,1.27894E+12,,FALSE
75,"Torrens Street, Angel",1060,51.53219984,-0.105480698,TRUE,FALSE,1.27895E+12,,FALSE
76,"Longford Street, The Regent's Park",976,51.52559505,-0.144083893,TRUE,FALSE,1.27895E+12,,FALSE
77,"Russell Square Station, Bloomsbury",978,51.52341837,-0.124121774,TRUE,FALSE,1.27895E+12,,FALSE
78,"Sadlers Sports Centre, Finsbury",3433,51.52486887,-0.099489485,TRUE,FALSE,1.27895E+12,,FALSE
79,"Arundel Street, Temple",3455,51.511726,-0.11385596,TRUE,FALSE,1.50902E+12,,FALSE
80,"Webber Street , Southwark",3448,51.50069361,-0.102091246,TRUE,FALSE,1.27895E+12,,FALSE
81,"Great Titchfield Street, Fitzrovia",3450,51.52025302,-0.141327271,TRUE,FALSE,1.27901E+12,,FALSE
82,"Chancery Lane, Holborn",3453,51.514274,-0.111257,TRUE,FALSE,1.27902E+12,,FALSE
83,"Panton Street, West End",3452,51.50963938,-0.131510949,TRUE,FALSE,1.27902E+12,,FALSE
84,"Breams Buildings, Holborn",3449,51.51593725,-0.111778348,TRUE,FALSE,1.27902E+12,,FALSE
85,"Tanner Street, Bermondsey",994,51.50064702,-0.078600401,TRUE,FALSE,1.27903E+12,,FALSE
86,"Sancroft Street, Vauxhall",3434,51.48947903,-0.115156562,TRUE,FALSE,1.27903E+12,,FALSE
87,"Devonshire Square, Liverpool Street",3438,51.51646835,-0.079684557,TRUE,FALSE,1.27903E+12,,FALSE
88,"Bayley Street , Bloomsbury",1006,51.51858757,-0.132053392,TRUE,FALSE,1.27903E+12,,FALSE
89,"Tavistock Place, Bloomsbury",3439,51.5262503,-0.123509611,TRUE,FALSE,1.27903E+12,,FALSE
90,"Harrington Square 1, Camden Town",1038,51.53301907,-0.139174593,TRUE,FALSE,1.27903E+12,,FALSE
91,"Walnut Tree Walk, Vauxhall",1076,51.49368637,-0.111014912,TRUE,FALSE,1.27904E+12,,FALSE
92,"Borough Road, Elephant & Castle",1082,51.49889832,-0.100440521,TRUE,FALSE,1.27904E+12,,FALSE
93,"Cloudesley Road, Angel",2586,51.53440868,-0.109025404,TRUE,FALSE,1.27904E+12,,FALSE
94,"Bricklayers Arms, Borough",1070,51.49506109,-0.085814489,TRUE,FALSE,1.27904E+12,,FALSE
95,"Aldersgate Street, Barbican",1065,51.5208417,-0.097340162,TRUE,FALSE,1.2791E+12,,FALSE
96,"Falkirk Street, Hoxton",1047,51.53095071,-0.078505384,TRUE,FALSE,1.2791E+12,,FALSE
97,"Gloucester Road (North), Kensington",3447,51.49792478,-0.183834706,TRUE,FALSE,1.2791E+12,,FALSE
98,"Hampstead Road, Euston",972,51.52554222,-0.138231303,TRUE,FALSE,1.2791E+12,,FALSE
99,"Old Quebec Street, Marylebone",1085,51.51457763,-0.158264483,TRUE,FALSE,1.2791E+12,,FALSE
100,"Albert Embankment, Vauxhall",1059,51.49043573,-0.122806861,TRUE,FALSE,1.2791E+12,,FALSE
101,"Queen Street 1, Bank",999,51.51155322,-0.0929401,TRUE,FALSE,1.2791E+12,,FALSE
102,"Jewry Street, Aldgate",1045,51.51340693,-0.076793375,TRUE,FALSE,1.2791E+12,,FALSE
103,"Vicarage Gate, Kensington",3441,51.50472376,-0.192538767,TRUE,FALSE,1.2791E+12,,FALSE
104,"Crosswall, Tower",991,51.51159481,-0.077121322,TRUE,FALSE,1.2791E+12,,FALSE
105,"Westbourne Grove, Bayswater",1041,51.51552971,-0.190240716,TRUE,FALSE,1.27911E+12,,FALSE
106,"Woodstock Street, Mayfair",1042,51.51410514,-0.147301667,TRUE,FALSE,1.27911E+12,,FALSE
107,"Finsbury Leisure Centre, St. Luke's",1049,51.52600832,-0.096317627,TRUE,FALSE,1.27911E+12,,FALSE
108,"Abbey Orchard Street, Westminster",3429,51.49812559,-0.132102166,TRUE,FALSE,1.27911E+12,,FALSE
109,"Soho Square , Soho",1052,51.51563144,-0.132328837,TRUE,FALSE,1.27911E+12,,FALSE
110,"Wellington Road, St. John's Wood",1055,51.53304322,-0.172528678,TRUE,FALSE,1.27911E+12,,FALSE
111,"Park Lane , Hyde Park",1037,51.5100172,-0.157275636,TRUE,FALSE,1.27911E+12,,FALSE
112,"Stonecutter Street, Holborn",1061,51.51580998,-0.105270275,TRUE,FALSE,1.27912E+12,,FALSE
113,"Gloucester Road (Central), South Kensington",3435,51.49646288,-0.183289032,TRUE,FALSE,1.27912E+12,,FALSE
114,"Park Road (Baker Street), The Regent's Park",1050,51.52451738,-0.158963647,TRUE,FALSE,1.27912E+12,,FALSE
115,"Braham Street, Aldgate",1062,51.51423368,-0.073537654,TRUE,FALSE,1.27912E+12,,FALSE
116,"Little Argyll Street, West End",995,51.51449962,-0.141423695,TRUE,FALSE,1.27912E+12,,FALSE
117,"Lollard Street, Vauxhall",998,51.49288067,-0.114934001,TRUE,FALSE,1.27912E+12,,FALSE
118,"Rochester Row, Westminster",3457,51.49582705,-0.13547809,TRUE,FALSE,1.27912E+12,,FALSE
119,"Bath Street, St. Luke's",964,51.52589324,-0.090847761,TRUE,FALSE,1.27912E+12,,FALSE
121,"Baker Street, Marylebone",1086,51.51891348,-0.156166631,TRUE,FALSE,1.27919E+12,,FALSE
122,"Norton Folgate, Liverpool Street",1068,51.52111369,-0.078869751,TRUE,FALSE,1.27919E+12,,FALSE
123,"St. John Street, Finsbury",992,51.52836014,-0.104724625,TRUE,FALSE,1.27919E+12,,FALSE
124,"Eaton Square, Belgravia",1069,51.49654462,-0.150905245,TRUE,FALSE,1.27919E+12,,FALSE
125,"Borough High Street, The Borough",996,51.50069491,-0.094524319,TRUE,FALSE,1.27919E+12,,FALSE
126,"Museum of London, Barbican",1043,51.51782144,-0.096496865,TRUE,FALSE,1.27919E+12,,FALSE
127,"Wood Street, Guildhall",1063,51.51700801,-0.09388536,TRUE,FALSE,1.27919E+12,,FALSE
128,"Emperor's Gate, South Kensington",1116,51.49536226,-0.185296516,TRUE,FALSE,1.27919E+12,,FALSE
129,"Golden Square, Soho",3451,51.5118973,-0.137043852,TRUE,FALSE,1.2792E+12,,FALSE
130,"Tower Gardens , Tower",1071,51.50950627,-0.075459482,TRUE,FALSE,1.2792E+12,,FALSE
131,"Eversholt Street , Camden Town",1005,51.53300545,-0.136792671,TRUE,FALSE,1.2792E+12,,FALSE
132,"Bethnal Green Road, Shoreditch",973,51.52364804,-0.074754872,TRUE,FALSE,1.2792E+12,,FALSE
133,"Derry Street, Kensington",3436,51.50136494,-0.191462381,TRUE,FALSE,1.2792E+12,,FALSE
134,"Wapping High Street, Wapping",1039,51.504904,-0.06797,TRUE,FALSE,1.2792E+12,,FALSE
135,"Clerkenwell Green, Clerkenwell",1053,51.52326004,-0.104708922,TRUE,FALSE,1.2792E+12,,FALSE
136,"Queen Victoria Street, St. Paul's",1048,51.51196176,-0.097441687,TRUE,FALSE,1.2792E+12,,FALSE
138,"Green Street, Mayfair",3464,51.51227622,-0.157436972,TRUE,FALSE,1.27921E+12,,FALSE
139,"Lambeth Road, Vauxhall",1078,51.49488108,-0.117974901,TRUE,FALSE,1.27921E+12,,FALSE
140,"Finsbury Square , Moorgate",1056,51.52096262,-0.085634242,TRUE,FALSE,1.27921E+12,,FALSE
141,"Chapel Place, Marylebone",1003,51.51530805,-0.147203711,TRUE,FALSE,1.27921E+12,,FALSE
142,"West Cromwell Road, Earl's Court",1001,51.49372451,-0.198286569,TRUE,FALSE,1.27921E+12,,FALSE
143,"Pont Street, Knightsbridge",1114,51.4968865,-0.161203828,TRUE,FALSE,1.27921E+12,,FALSE
144,"Kennington Cross, Kennington",1093,51.48894022,-0.111435796,TRUE,FALSE,1.27921E+12,,FALSE
145,"Ilchester Place, Kensington",1115,51.50074359,-0.202759212,TRUE,FALSE,1.27921E+12,,FALSE
146,"Vauxhall Bridge , Pimlico",1046,51.48836528,-0.129361842,TRUE,FALSE,1.27921E+12,,FALSE
148,"Tachbrook Street, Victoria",965,51.49211134,-0.138364847,TRUE,FALSE,,,FALSE
149,"Kennington Road Post Office, Oval",1073,51.48478899,-0.110683213,TRUE,FALSE,1.27922E+12,,FALSE
150,"Holy Trinity Brompton, Knightsbridge",1002,51.49705603,-0.168917077,TRUE,FALSE,1.27922E+12,,FALSE
151,"Chepstow Villas, Notting Hill",1120,51.51213691,-0.201554966,TRUE,FALSE,1.27922E+12,,FALSE
152,"Hampton Street, Walworth",1118,51.49217002,-0.101536865,TRUE,FALSE,1.27922E+12,,FALSE
154,"Waterloo Station 3, Waterloo",1072,51.50379168,-0.11282408,TRUE,FALSE,,,FALSE
155,"Lexham Gardens, Kensington",1121,51.49586666,-0.191933711,TRUE,FALSE,1.27927E+12,,FALSE
156,"New Kent Road, The Borough",966,51.49443626,-0.092921165,TRUE,FALSE,1.27927E+12,,FALSE
157,"Wright's Lane, Kensington",1094,51.50039792,-0.193068385,TRUE,FALSE,1.27927E+12,,FALSE
158,"Trebovir Road, Earl's Court",1113,51.49085368,-0.196170309,TRUE,FALSE,1.27927E+12,,FALSE
159,"Great Marlborough Street, Soho",1125,51.51461995,-0.137841333,TRUE,FALSE,1.27927E+12,,FALSE
160,"Waterloo Place, St. James's",3458,51.50663341,-0.131773845,TRUE,FALSE,1.27927E+12,,FALSE
161,"Guildhouse Street, Victoria",3478,51.49234577,-0.141334487,TRUE,FALSE,1.27929E+12,,FALSE
162,"Southampton Place, Holborn",1123,51.51760685,-0.121328408,TRUE,FALSE,1.27929E+12,,FALSE
163,"Sloane Avenue, Knightsbridge",3461,51.4931848,-0.167894973,TRUE,FALSE,1.27929E+12,,FALSE
164,"Cleveland Gardens, Bayswater",1178,51.515607,-0.183118788,TRUE,FALSE,1.27929E+12,,FALSE
165,"Orsett Terrace, Bayswater",2585,51.517932,-0.183716959,TRUE,FALSE,1.27929E+12,,FALSE
166,"Seville Street, Knightsbridge",1177,51.50185512,-0.159237081,TRUE,FALSE,1.27929E+12,,FALSE
167,"Eccleston Place, Victoria",3465,51.49395092,-0.147624377,TRUE,FALSE,,,FALSE
168,"Argyll Road, Kensington",3463,51.50040123,-0.195455928,TRUE,FALSE,1.27929E+12,,FALSE
169,"Porchester Place, Paddington",3477,51.51474612,-0.165164288,TRUE,FALSE,1.27929E+12,,FALSE
170,"Hardwick Street, Clerkenwell",1057,51.52784273,-0.108068155,TRUE,FALSE,1.27929E+12,,FALSE
171,"Collingham Gardens, Earl's Court",3459,51.4916156,-0.186753859,TRUE,FALSE,1.27929E+12,,FALSE
172,"Sumner Place, South Kensington",1124,51.49121192,-0.173715911,TRUE,FALSE,1.27929E+12,,FALSE
173,"Waterloo Road, South Bank",1176,51.50486,-0.113001,TRUE,FALSE,1.27929E+12,,FALSE
174,"Strand, Strand",1100,51.512529,-0.115163,TRUE,FALSE,1.2793E+12,,FALSE
176,"Gloucester Terrace, Bayswater",1173,51.51791921,-0.188098863,TRUE,FALSE,1.2793E+12,,FALSE
177,"Ashley Place, Victoria",1122,51.49616092,-0.140947636,TRUE,FALSE,1.2793E+12,,FALSE
178,"Warwick Square, Pimlico",3460,51.48985626,-0.141923621,TRUE,FALSE,1.2793E+12,,FALSE
180,"North Audley Street, Mayfair",1126,51.5129118,-0.153645496,TRUE,FALSE,1.2793E+12,,FALSE
181,"Belgrave Square, Belgravia",3473,51.49941247,-0.152317537,TRUE,FALSE,1.2793E+12,,FALSE
182,"Bell Street , Marylebone",1166,51.52202903,-0.165842551,TRUE,FALSE,1.27936E+12,,FALSE
183,"Riverlight North, Nine Elms",1165,51.482362,-0.13612398,TRUE,FALSE,1.27936E+12,,FALSE
184,"Portland Place, Marylebone",1164,51.52071513,-0.14521173,TRUE,FALSE,1.27936E+12,,FALSE
185,"Alderney Street, Pimlico",1174,51.48805753,-0.140741432,TRUE,FALSE,1.27937E+12,,FALSE
186,"South Wharf Road, Paddington",1167,51.51733558,-0.175810943,TRUE,FALSE,1.27937E+12,,FALSE
187,"Queen's Gate (South), South Kensington",1172,51.49247977,-0.178433004,TRUE,FALSE,1.27937E+12,,FALSE
188,"Nutford Place, Marylebone",1112,51.5165179,-0.164393768,TRUE,FALSE,1.27938E+12,,FALSE
189,"Claremont Square, Angel",1104,51.53166681,-0.109914711,TRUE,FALSE,1.27938E+12,,FALSE
190,"Rampayne Street, Pimlico",1106,51.48997562,-0.132845681,TRUE,FALSE,1.27938E+12,,FALSE
191,"Hyde Park Corner, Hyde Park",1075,51.50311799,-0.153520935,TRUE,FALSE,1.27938E+12,,FALSE
192,"Wardour Street, Soho",1163,51.51251523,-0.133201961,TRUE,FALSE,1.27938E+12,,FALSE
193,"Bankside Mix, Bankside",963,51.50581776,-0.100186337,TRUE,FALSE,1.27939E+12,,FALSE
194,"Hop Exchange, The Borough",960,51.50462759,-0.091773776,TRUE,FALSE,1.27939E+12,,FALSE
195,"Milroy Walk, South Bank",959,51.50724437,-0.106237501,TRUE,FALSE,1.27939E+12,,FALSE
196,"Union Street, The Borough",961,51.50368837,-0.098497684,TRUE,FALSE,1.27939E+12,,FALSE
197,"Stamford Street, South Bank",962,51.50556905,-0.111606696,TRUE,FALSE,1.27939E+12,,FALSE
199,"Great Tower Street, Monument",1080,51.51048489,-0.082989638,TRUE,FALSE,1.27944E+12,,FALSE
200,"LMU Commercial Road, Whitechapel",1105,51.51492456,-0.066078037,TRUE,FALSE,1.27944E+12,,FALSE
201,"Dorset Square, Marylebone",1162,51.5225965,-0.161113413,TRUE,FALSE,1.27944E+12,,FALSE
202,"Leman Street, Aldgate",1102,51.51236389,-0.06954201,TRUE,FALSE,1.27944E+12,,FALSE
203,"West Smithfield Rotunda, Farringdon",1040,51.51821864,-0.100791005,TRUE,FALSE,1.27945E+12,,FALSE
204,"Margery Street, Clerkenwell",3468,51.52659961,-0.112432615,TRUE,FALSE,1.27947E+12,,FALSE
206,"New Road 1 , Whitechapel",1171,51.518154,-0.062697,TRUE,FALSE,1.27947E+12,,FALSE
207,"Grosvenor Crescent, Belgravia",1169,51.50135267,-0.153194766,TRUE,FALSE,1.27956E+12,,FALSE
208,"Mallory Street, Marylebone",1175,51.52505151,-0.166304359,TRUE,FALSE,1.27947E+12,,FALSE
209,"Denyer Street, Knightsbridge",3454,51.49358391,-0.165101392,TRUE,FALSE,1.27953E+12,,FALSE
211,"Cadogan Place, Knightsbridge",3469,51.49464523,-0.158105512,TRUE,FALSE,1.27954E+12,,FALSE
212,"Campden Hill Road, Notting Hill",3487,51.50658458,-0.199004026,TRUE,FALSE,1.27954E+12,,FALSE
213,"Wellington Arch, Hyde Park",1109,51.50274025,-0.149569201,TRUE,FALSE,1.27954E+12,,FALSE
214,"Endsleigh Gardens, Euston",1079,51.52683806,-0.130504336,TRUE,FALSE,1.27954E+12,,FALSE
215,"Moorfields, Moorgate",1092,51.51906932,-0.088285377,TRUE,FALSE,1.27954E+12,,FALSE
216,"Old Brompton Road, South Kensington",3479,51.49094565,-0.181190899,TRUE,FALSE,1.27954E+12,,FALSE
217,"Wormwood Street, Liverpool Street",2587,51.51615461,-0.082422399,TRUE,FALSE,1.27954E+12,,FALSE
218,"St. Luke's Church, Chelsea",3486,51.48971651,-0.170194408,TRUE,FALSE,1.27954E+12,,FALSE
219,"Bramham Gardens, Earl's Court",1183,51.49016361,-0.19039362,TRUE,FALSE,1.27955E+12,,FALSE
220,"Chelsea Green, Chelsea",1179,51.49066456,-0.166485083,TRUE,FALSE,1.27955E+12,,FALSE
221,"Horseferry Road, Westminster",1170,51.49481649,-0.13045856,TRUE,FALSE,1.27955E+12,,FALSE
222,"Knightsbridge, Hyde Park",1101,51.50275704,-0.155349725,TRUE,FALSE,1.27961E+12,,FALSE
223,"Rodney Road , Walworth",3481,51.49148474,-0.090220911,TRUE,FALSE,1.27961E+12,,FALSE
224,"Whiteley's, Bayswater",1150,51.51476963,-0.188129731,TRUE,FALSE,1.27962E+12,,FALSE
225,"Notting Hill Gate Station, Notting Hill",1182,51.50935342,-0.196422,TRUE,FALSE,1.27962E+12,,FALSE
226,"Charles II Street, West End",3488,51.50844614,-0.131961389,TRUE,FALSE,1.27962E+12,,FALSE
227,"Great Percy Street, Clerkenwell",3470,51.52891573,-0.115480888,TRUE,FALSE,1.27962E+12,,FALSE
228,"St. James's Square, St. James's",1067,51.50742485,-0.134621209,TRUE,FALSE,1.27962E+12,,FALSE
229,"Whitehall Place, Strand",1151,51.50654321,-0.123179697,TRUE,FALSE,1.27962E+12,,FALSE
230,"Poured Lines, Bankside",1144,51.50669284,-0.103137426,TRUE,FALSE,1.27962E+12,,FALSE
231,"Queen's Gate (Central), South Kensington",1089,51.49396755,-0.17873226,TRUE,FALSE,1.27962E+12,,FALSE
232,"Carey Street, Holborn",1139,51.51501025,-0.112753217,TRUE,FALSE,1.27962E+12,,FALSE
233,"Pall Mall East, West End",1153,51.50777049,-0.130699733,TRUE,FALSE,1.27962E+12,,FALSE
234,"Liverpool Road (N1 Centre), Angel",1081,51.53450449,-0.106992706,TRUE,FALSE,1.27962E+12,,FALSE
235,"Kennington Road  , Vauxhall",1154,51.49571828,-0.110889274,TRUE,FALSE,1.27963E+12,,FALSE
236,"Fashion Street, Whitechapel",3483,51.51838043,-0.073438925,TRUE,FALSE,1.27963E+12,,FALSE
237,"Dock Street, Wapping",3467,51.50978602,-0.068161981,TRUE,FALSE,1.2798E+12,,FALSE
238,"Frampton Street, Paddington",1099,51.5233534,-0.175116099,TRUE,FALSE,1.27963E+12,,FALSE
239,"Warren Street Station, Euston",1090,51.52443845,-0.138019439,TRUE,FALSE,1.27963E+12,,FALSE
240,"Colombo Street, Southwark",3472,51.50545935,-0.10569204,TRUE,FALSE,1.27963E+12,,FALSE
242,"Beaumont Street, Marylebone",3482,51.52200801,-0.151359288,TRUE,FALSE,1.27963E+12,,FALSE
243,"Gloucester Street, Pimlico",1103,51.49096258,-0.139625122,TRUE,FALSE,1.27963E+12,,FALSE
244,"Earnshaw Street , Covent Garden",1145,51.51611887,-0.128585022,TRUE,FALSE,1.27963E+12,,FALSE
245,"Grosvenor Road, Pimlico",1140,51.4853572,-0.142207481,TRUE,FALSE,1.27963E+12,,FALSE
246,"Berry Street, Clerkenwell",1159,51.52285301,-0.099994052,TRUE,FALSE,1.27964E+12,,FALSE
247,"St. John's Wood Church, The Regent's Park",1091,51.530052,-0.168314,TRUE,FALSE,1.27964E+12,,FALSE
248,"Triangle Car Park, Hyde Park",1088,51.50645179,-0.170279555,TRUE,FALSE,1.27964E+12,,FALSE
249,"Harper Road, The Borough",1137,51.49859784,-0.096191134,TRUE,FALSE,1.27964E+12,,FALSE
250,"Royal Avenue 1, Chelsea",3440,51.489932,-0.162727,TRUE,FALSE,1.27964E+12,,FALSE
251,"Brushfield Street, Liverpool Street",1161,51.518908,-0.079249,TRUE,FALSE,1.2797E+12,,FALSE
252,"Jubilee Gardens, South Bank",1111,51.5046364,-0.116542278,TRUE,FALSE,1.2797E+12,,FALSE
253,"Shoreditch Park, Hoxton",1051,51.53404294,-0.086379717,TRUE,FALSE,1.2797E+12,,FALSE
254,"Chadwell Street, Angel",3471,51.53051587,-0.106408455,TRUE,FALSE,1.2797E+12,,FALSE
255,"Clifton Road, Maida Vale",1147,51.52557531,-0.179592915,TRUE,FALSE,1.2797E+12,,FALSE
256,"Houghton Street, Strand",3484,51.51362054,-0.116764211,TRUE,FALSE,1.27971E+12,,FALSE
257,"Westminster University, Marylebone",1194,51.52248185,-0.154907218,TRUE,FALSE,1.27971E+12,,FALSE
258,"Kensington Gore, Knightsbridge",1193,51.50143293,-0.178656971,TRUE,FALSE,1.27971E+12,,FALSE
259,"Bourne Street, Belgravia",1180,51.491495,-0.15400472,TRUE,FALSE,1.27971E+12,,FALSE
260,"Broadwick Street, Soho",3489,51.5136846,-0.135580879,TRUE,FALSE,1.27971E+12,,FALSE
261,"Princes Square, Bayswater",3491,51.5134891,-0.191351186,TRUE,FALSE,1.27971E+12,,FALSE
262,"LSBU (Borough Road), Elephant & Castle",1095,51.49874469,-0.103132904,TRUE,FALSE,1.27971E+12,,FALSE
263,"St. Mary Axe, Aldgate",1184,51.51422502,-0.080660083,TRUE,FALSE,1.27971E+12,,FALSE
264,"Tysoe Street, Clerkenwell",1146,51.52644342,-0.109256828,TRUE,FALSE,1.27971E+12,,FALSE
265,"Southwick Street, Paddington",3490,51.51595344,-0.169249375,TRUE,FALSE,1.27971E+12,,FALSE
266,"Queen's Gate (North), Kensington",1204,51.50102668,-0.180246101,TRUE,FALSE,1.27971E+12,,FALSE
267,"Regency Street, Westminster",1155,51.49206037,-0.132224622,TRUE,FALSE,1.27971E+12,,FALSE
268,"Belgrave Road, Victoria",1087,51.49320445,-0.144132875,TRUE,FALSE,1.27971E+12,,FALSE
270,"Kennington Lane Rail Bridge, Vauxhall",1190,51.4863434,-0.122492418,TRUE,FALSE,1.27972E+12,,FALSE
271,"London Zoo,  The Regent's Park",1136,51.53583617,-0.156285395,TRUE,FALSE,1.27972E+12,,FALSE
272,"Baylis Road, Waterloo",1133,51.50144456,-0.110699309,TRUE,FALSE,1.27972E+12,,FALSE
273,"Belvedere Road 1, South Bank",1186,51.50613324,-0.114686385,TRUE,FALSE,1.27972E+12,,FALSE
274,"Warwick Road, Olympia",1134,51.49671237,-0.20528437,TRUE,FALSE,1.27972E+12,,FALSE
275,"Barbican Centre, Barbican",1191,51.52004497,-0.092176447,TRUE,FALSE,1.27972E+12,,FALSE
276,"Lower Thames Street, Monument",1098,51.50930161,-0.084985356,TRUE,FALSE,1.27972E+12,,FALSE
277,"Kensington Church Street, Kensington",1143,51.50315739,-0.191496313,TRUE,FALSE,1.27972E+12,,FALSE
278,"Tooley Street, Bermondsey",1142,51.5034938,-0.07962099,TRUE,FALSE,1.27972E+12,,FALSE
279,"North Wharf Road, Paddington",1108,51.51862243,-0.176645823,TRUE,FALSE,1.27972E+12,,FALSE
280,"Royal Avenue 2, Chelsea",3462,51.490083,-0.162418,TRUE,FALSE,1.27973E+12,,FALSE
281,"Smith Square, Westminster",3480,51.49580589,-0.127575233,TRUE,FALSE,1.27973E+12,,FALSE
282,"Royal London Hospital, Whitechapel",1077,51.51906446,-0.059642081,TRUE,FALSE,1.27973E+12,,FALSE
283,"Kingsway, Covent Garden",1141,51.51440928,-0.118478757,TRUE,FALSE,1.27973E+12,,FALSE
284,"Lambeth North Station, Waterloo",1117,51.49914063,-0.112031483,TRUE,FALSE,1.27973E+12,,FALSE
286,"St. John's Wood Road, St. John's Wood",1187,51.5272947,-0.174653609,TRUE,FALSE,1.27973E+12,,FALSE
287,"Bedford Way, Bloomsbury",1156,51.52367314,-0.128377673,TRUE,FALSE,1.27973E+12,,FALSE
288,"Elizabeth Bridge, Victoria",1138,51.49236962,-0.147478734,TRUE,FALSE,1.27979E+12,,FALSE
289,"South Audley Street, Mayfair",3493,51.50923022,-0.151296092,TRUE,FALSE,1.27979E+12,,FALSE
290,"Winsland Street, Paddington",3496,51.51678023,-0.175488803,TRUE,FALSE,1.2798E+12,,FALSE
291,"Claverton Street, Pimlico",1135,51.48483991,-0.138089062,TRUE,FALSE,1.2798E+12,,FALSE
292,"Montpelier Street, Knightsbridge",1206,51.49888404,-0.165471605,TRUE,FALSE,1.2798E+12,,FALSE
293,"Kensington Olympia Station, Olympia",1214,51.49815779,-0.209494128,TRUE,FALSE,1.2798E+12,,FALSE
294,"St. George's Square, Pimlico",1195,51.488226,-0.135635511,TRUE,FALSE,1.2798E+12,,FALSE
295,"Swan Street, The Borough",1216,51.50029631,-0.092762704,TRUE,FALSE,1.2798E+12,,FALSE
296,"Knaresborough Place, Earl's Court",200069,51.49363156,-0.190603326,TRUE,FALSE,1.37726E+12,,FALSE
297,"Geraldine Street, Elephant & Castle",3498,51.49612799,-0.106000855,TRUE,FALSE,1.2798E+12,,FALSE
298,"Curlew Street, Shad Thames",1213,51.50227992,-0.074189225,TRUE,FALSE,1.27981E+12,,FALSE
299,"Vincent Square, Westminster",1196,51.49398524,-0.136928582,TRUE,FALSE,1.27981E+12,,FALSE
300,"Serpentine Car Park, Hyde Park",1217,51.505014,-0.17306032,TRUE,FALSE,1.27981E+12,,FALSE
301,"Marylebone Lane, Marylebone",1152,51.51475963,-0.148105415,TRUE,FALSE,1.27981E+12,,FALSE
302,"Putney Pier, Wandsworth",3492,51.466907,-0.216573,TRUE,FALSE,1.27981E+12,,FALSE
303,"Albert Gate, Hyde Park",1132,51.50295379,-0.158456089,TRUE,FALSE,1.27981E+12,,FALSE
305,"Kennington Lane Tesco, Vauxhall",1168,51.48677988,-0.115853961,TRUE,FALSE,1.27982E+12,,FALSE
306,"Rathbone Street, Fitzrovia",3497,51.51816295,-0.135025698,TRUE,FALSE,1.27982E+12,,FALSE
307,"Black Lion Gate, Kensington Gardens",1157,51.50990837,-0.187842717,TRUE,FALSE,1.27982E+12,,FALSE
308,"Long Lane , Bermondsey",1189,51.49907558,-0.085666316,TRUE,FALSE,1.27982E+12,,FALSE
309,"Embankment (Savoy), Strand",1192,51.50963123,-0.119047563,TRUE,FALSE,1.27988E+12,,FALSE
310,"Black Prince Road, Vauxhall",1205,51.4908679,-0.116911864,TRUE,FALSE,1.27988E+12,,FALSE
312,"Grove End Road, St. John's Wood",1130,51.53088935,-0.176770502,TRUE,FALSE,1.27988E+12,,FALSE
314,"Tyers Gate, Bermondsey",3485,51.50088934,-0.083159352,TRUE,FALSE,1.27988E+12,,FALSE
315,"The Tennis Courts, The Regent's Park",1199,51.52536703,-0.153463612,TRUE,FALSE,1.27988E+12,,FALSE
317,"Dickens Square, Borough",1208,51.49679128,-0.093913472,TRUE,FALSE,1.27989E+12,,FALSE
318,"Sackville Street, Mayfair",1197,51.51004801,-0.138846453,TRUE,FALSE,1.27989E+12,,FALSE
319,"Baldwin Street, St. Luke's",3500,51.52702563,-0.088542771,TRUE,FALSE,1.27989E+12,,FALSE
320,"Queen Mother Sports Centre, Victoria",1148,51.49357351,-0.139956043,TRUE,FALSE,1.27989E+12,,FALSE
321,"Bermondsey Street, Bermondsey",2637,51.49785559,-0.081608045,TRUE,FALSE,1.27989E+12,,FALSE
322,"Palissy Street, Shoreditch",3502,51.526293,-0.073955,TRUE,FALSE,1.27989E+12,,FALSE
323,"Clifton Street, Shoreditch",3501,51.523196,-0.083067,TRUE,FALSE,1.27989E+12,,FALSE
324,"Ontario Street, Elephant & Castle",1200,51.49652013,-0.101384068,TRUE,FALSE,1.27989E+12,,FALSE
325,"St. Martin's Street, West End",1158,51.50908747,-0.129697889,TRUE,FALSE,1.2799E+12,,FALSE
326,"Graham Street, Angel",1131,51.53266186,-0.099981142,TRUE,FALSE,1.2799E+12,,FALSE
327,"New North Road 1, Hoxton",1128,51.53095,-0.085603,TRUE,FALSE,1.28013E+12,,FALSE
328,"New North Road 2, Hoxton",2641,51.53114,-0.086016,TRUE,FALSE,1.28013E+12,,FALSE
329,"Prince Albert Road, The Regent's Park",2636,51.53589283,-0.160854428,TRUE,FALSE,1.28013E+12,,FALSE
330,"Eastbourne Mews, Paddington",1203,51.51641749,-0.179135079,TRUE,FALSE,1.28014E+12,,FALSE
331,"Bunhill Row, Moorgate",1211,51.52085887,-0.089887855,TRUE,FALSE,1.28014E+12,,FALSE
332,"Nevern Place, Earl's Court",1210,51.49334336,-0.194757949,TRUE,FALSE,1.28014E+12,,FALSE
333,"Palace Gardens Terrace, Notting Hill",2633,51.50860544,-0.193764092,TRUE,FALSE,1.28014E+12,,FALSE
334,"Concert Hall Approach 1, South Bank",2635,51.505044,-0.115851,TRUE,FALSE,1.28015E+12,,FALSE
335,"Tavistock Street, Covent Garden",1207,51.51196803,-0.120718759,TRUE,FALSE,1.28015E+12,,FALSE
336,"Concert Hall Approach 2, South Bank",1212,51.504942,-0.115533,TRUE,FALSE,1.28015E+12,,FALSE
337,"Pembridge Villas, Notting Hill",2589,51.51108452,-0.197524944,TRUE,FALSE,1.28015E+12,,FALSE
338,"Wellington Street , Strand",1202,51.51175646,-0.119643424,TRUE,FALSE,1.28016E+12,,FALSE
339,"Risinghill Street, Angel",1127,51.5333196,-0.1117812,TRUE,FALSE,1.28016E+12,,FALSE
340,"Bank of England Museum, Bank",1201,51.51444134,-0.087587447,TRUE,FALSE,1.28025E+12,,FALSE
341,"Craven Street, Strand",1160,51.50810309,-0.12602103,TRUE,FALSE,1.28022E+12,,FALSE
343,"London Zoo Car Park, The Regent's Park",1188,51.53692216,-0.150181444,TRUE,FALSE,1.28022E+12,,FALSE
344,"Goswell Road (City Uni), Finsbury",1222,51.528246,-0.10102611,TRUE,FALSE,1.28023E+12,,FALSE
345,"Flood Street, Chelsea",1218,51.48802358,-0.166878535,TRUE,FALSE,1.28023E+12,,FALSE
347,"Lower Marsh, Waterloo",1219,51.50013942,-0.113936001,TRUE,FALSE,1.28376E+12,,FALSE
348,"Grosvenor Square, Mayfair",10627,51.51217033,-0.150481272,TRUE,FALSE,1.28454E+12,,FALSE
349,"St. George Street, Mayfair",1221,51.51196,-0.142783033,TRUE,FALSE,1.28454E+12,,FALSE
350,"Queen's Gate, Kensington Gardens",1231,51.50171544,-0.179854184,TRUE,FALSE,1.28576E+12,,FALSE
351,"Macclesfield Rd, St Lukes",1226,51.529423,-0.097122,TRUE,FALSE,1.28679E+12,,FALSE
352,"Vauxhall Street, Vauxhall",1224,51.486965,-0.116625,TRUE,FALSE,1.2868E+12,,FALSE
353,"Greycoat Street , Westminster",10623,51.49459148,-0.134234258,TRUE,FALSE,1.28765E+12,,FALSE
354,"Northumberland Avenue, Strand",1097,51.506767,-0.123702,TRUE,FALSE,,,FALSE
355,"Oval Way, Vauxhall",2694,51.486575,-0.117286,TRUE,FALSE,1.28775E+12,,FALSE
356,"South Kensington Station, South Kensington",2685,51.494412,-0.173881,TRUE,FALSE,1.28801E+12,,FALSE
357,"Howland Street, Fitzrovia",2691,51.520994,-0.139016,TRUE,FALSE,1.28809E+12,,FALSE
358,"High Holborn , Covent Garden",1229,51.516226,-0.124826,TRUE,FALSE,1.29008E+12,,FALSE
359,"Butler Place, Westminster",2662,51.49782999,-0.135440826,TRUE,FALSE,1.28895E+12,,FALSE
360,"Howick Place, Westminster",2666,51.49675303,-0.138733562,TRUE,FALSE,1.28896E+12,,FALSE
361,"Waterloo Station 2, Waterloo",2692,51.50391973,-0.11342629,TRUE,FALSE,1.2919E+12,,FALSE
362,"Royal College Street, Camden Town",2686,51.536264,-0.133952,TRUE,FALSE,1.29008E+12,,FALSE
363,"Lord's, St. John's Wood",2665,51.5291212,-0.171185285,TRUE,FALSE,1.28991E+12,,FALSE
364,"Alfred Place, Bloomsbury",3507,51.519656,-0.132339,TRUE,FALSE,1.29008E+12,,FALSE
365,"City Road, Angel",2690,51.530344,-0.100168,TRUE,FALSE,1.2906E+12,,FALSE
366,"Millennium Hotel, Mayfair",1230,51.5109193,-0.151126385,TRUE,FALSE,1.29069E+12,,FALSE
367,"Harrowby Street, Marylebone",2680,51.5173721,-0.1642075,TRUE,FALSE,,,FALSE
368,"Harriet Street, Knightsbridge",2681,51.50024195,-0.15934065,TRUE,FALSE,1.2912E+12,,FALSE
370,"Paddington Green, Paddington",2670,51.520205,-0.174593,TRUE,FALSE,1.29165E+12,,FALSE
371,"King Edward Walk, Waterloo",2639,51.49775,-0.10988,TRUE,FALSE,1.29171E+12,,FALSE
372,"Sardinia Street, Holborn",2649,51.515208,-0.117863,TRUE,FALSE,1.29171E+12,,FALSE
373,"Prince Consort Road, Knightsbridge",3499,51.49980661,-0.176415994,TRUE,FALSE,1.29543E+12,,FALSE
374,"Waterloo Station 1, Waterloo",2696,51.50402794,-0.11386436,TRUE,FALSE,1.29173E+12,,FALSE
375,"Kensington Town Hall, Kensington",10632,51.50194596,-0.194392952,TRUE,FALSE,1.29181E+12,,FALSE
376,"Millbank Tower, Pimlico",2683,51.49188409,-0.125674815,TRUE,FALSE,1.29466E+12,,FALSE
377,"Waterloo Bridge, South Bank",2648,51.50535447,-0.113656543,TRUE,FALSE,1.29527E+12,,FALSE
378,"Natural History Museum, South Kensington",2677,51.49559291,-0.179077626,TRUE,FALSE,1.29612E+12,,FALSE
379,"Turquoise Island, Notting Hill",2682,51.51431171,-0.200838199,TRUE,FALSE,1.29612E+12,,FALSE
380,"Stanhope Gate, Mayfair",3506,51.50686435,-0.150666888,TRUE,FALSE,1.29613E+12,,FALSE
381,"Charlotte Street, Fitzrovia",2669,51.51953043,-0.13577731,TRUE,FALSE,1.2962E+12,,FALSE
382,"Farm Street, Mayfair",2678,51.50935171,-0.14744969,TRUE,FALSE,1.29716E+12,,FALSE
383,"Frith Street, Soho",2660,51.51310333,-0.13121385,TRUE,FALSE,1.29665E+12,,FALSE
384,"Marloes Road, Kensington",3505,51.496481,-0.192404,TRUE,FALSE,1.29673E+12,,FALSE
386,"Moor Street, Soho",3504,51.51352755,-0.130110822,TRUE,FALSE,1.29673E+12,,FALSE
387,"Fire Brigade Pier, Vauxhall",2703,51.49369988,-0.121394101,TRUE,FALSE,1.29708E+12,,FALSE
388,"Southampton Street, Strand",1228,51.51070161,-0.121723604,TRUE,FALSE,1.29718E+12,,FALSE
389,"Upper Grosvenor Street, Mayfair",10621,51.51013066,-0.155757901,TRUE,FALSE,1.29735E+12,,FALSE
390,"Buxton Street 1, Shoreditch",1223,51.521776,-0.068856,TRUE,FALSE,1.29776E+12,,FALSE
392,"Imperial College, Knightsbridge",1220,51.49942855,-0.179702476,TRUE,FALSE,1.29796E+12,,FALSE
393,"Snow Hill, Farringdon",2699,51.51733427,-0.103604248,TRUE,FALSE,1.29855E+12,,FALSE
394,"Aberdeen Place, St. John's Wood",2698,51.524826,-0.176268,TRUE,FALSE,,,FALSE
395,"Cadogan Gardens, Chelsea",2695,51.492462,-0.159919,TRUE,FALSE,1.29891E+12,,FALSE
396,"Shouldham Street, Marylebone",2693,51.51809,-0.163609,TRUE,FALSE,1.29908E+12,,FALSE
397,"Devonshire Terrace, Bayswater",1227,51.51348,-0.17977,TRUE,FALSE,1.29908E+12,,FALSE
398,"Holland Park, Kensington",10631,51.502319,-0.200742,TRUE,FALSE,1.29908E+12,,FALSE
399,"Brick Lane Market, Shoreditch",2687,51.52261762,-0.071653961,TRUE,FALSE,1.29958E+12,,FALSE
400,"George Street, Marylebone",1225,51.517703,-0.154106,TRUE,FALSE,1.29958E+12,,FALSE
401,"Columbia Road, Shoreditch",2701,51.528187,-0.075375,TRUE,FALSE,1.29959E+12,,FALSE
402,"Penfold Street, Marylebone",10625,51.52289229,-0.171681991,TRUE,FALSE,1.29959E+12,,FALSE
403,"George Place Mews, Marylebone",10630,51.51689296,-0.158249929,TRUE,FALSE,1.29959E+12,,FALSE
404,"Palace Gate, Kensington Gardens",1110,51.50204238,-0.184400221,TRUE,FALSE,1.29967E+12,,FALSE
405,"Gloucester Road Station, South Kensington",1107,51.49418566,-0.18267094,TRUE,FALSE,1.29967E+12,,FALSE
408,"Paddington Green Police Station, Paddington",1129,51.51994326,-0.170704337,TRUE,FALSE,,,FALSE
409,"Strata, Elephant & Castle",10624,51.493146,-0.099828,TRUE,FALSE,,,FALSE
410,"Edgware Road Station, Marylebone",1058,51.519968,-0.169774,TRUE,FALSE,,,FALSE
411,"Walworth Road, Elephant & Castle",10629,51.49337264,-0.09968067,TRUE,FALSE,,,FALSE
412,"Cleaver Street, Kennington",10628,51.488105,-0.110121,TRUE,FALSE,1.30201E+12,,FALSE
419,"Chelsea Bridge, Pimlico",22160,51.485821,-0.149004,TRUE,FALSE,1.30874E+12,,FALSE
420,"Southwark Station 1, Southwark",22162,51.504043,-0.105312,TRUE,FALSE,1.30926E+12,,FALSE
421,"Southwark Station 2, Southwark",22163,51.504044,-0.104778,TRUE,FALSE,1.30926E+12,,FALSE
423,"Eaton Square (South), Belgravia",22164,51.49456127,-0.15393398,TRUE,FALSE,1.30986E+12,,FALSE
424,"Ebury Bridge, Pimlico",22159,51.490491,-0.149186,TRUE,FALSE,1.32455E+12,,FALSE
425,"Harrington Square 2, Camden Town",22181,51.533379,-0.139159,TRUE,FALSE,1.31003E+12,,FALSE
426,"Vincent Street, Pimlico",22161,51.493072,-0.129925,TRUE,FALSE,1.31046E+12,,FALSE
427,"Cheapside, Bank",22180,51.51397065,-0.09294031,TRUE,FALSE,1.31073E+12,,FALSE
428,"Exhibition Road, Knightsbridge",22179,51.499917,-0.174554,TRUE,FALSE,1.3185E+12,,FALSE
430,"South Parade, Chelsea",22182,51.48902,-0.17524,TRUE,FALSE,1.32455E+12,,FALSE
431,"Crinan Street, King's Cross",22183,51.534474,-0.122203,TRUE,FALSE,1.32336E+12,,FALSE
432,"Exhibition Road Museums, South Kensington",22158,51.496957,-0.173894,TRUE,FALSE,1.31945E+12,,FALSE
433,"Wren Street, Holborn",22169,51.524564,-0.116279,TRUE,FALSE,1.32336E+12,,FALSE
435,"Kennington Station, Kennington",22170,51.488852,-0.105593,TRUE,FALSE,1.32335E+12,,FALSE
436,"Red Lion Street, Holborn",22171,51.51824,-0.11655,TRUE,FALSE,1.32335E+12,,FALSE
437,"Vauxhall Walk, Vauxhall",200056,51.488124,-0.120903,TRUE,FALSE,1.32575E+12,,FALSE
439,"Killick Street, King's Cross",200053,51.5338,-0.118677,TRUE,FALSE,1.32571E+12,,FALSE
440,"Kennington Oval, Oval",200032,51.483145,-0.113134,TRUE,FALSE,1.32571E+12,,FALSE
441,"Sail Street, Vauxhall",200039,51.495656,-0.114605,TRUE,FALSE,1.32571E+12,,FALSE
442,"Walmer Road, Avondale",200035,51.510101,-0.211358,TRUE,FALSE,1.32594E+12,,FALSE
443,"Philpot Street, Whitechapel",200033,51.515256,-0.058641,TRUE,FALSE,1.32594E+12,,FALSE
444,"Bethnal Green Garden, Bethnal Green",200047,51.52568,-0.055312,TRUE,FALSE,1.32594E+12,,FALSE
445,"Cheshire Street, Bethnal Green",200003,51.52388,-0.065076,TRUE,FALSE,1.32595E+12,,FALSE
446,"York Hall, Bethnal Green",200042,51.528936,-0.055894,TRUE,FALSE,1.32595E+12,,FALSE
447,"Jubilee Crescent, Cubitt Town",200054,51.493381,-0.007542,TRUE,FALSE,1.32595E+12,,FALSE
448,"Fisherman's Walk West, Canary Wharf",22165,51.50623,-0.02296,TRUE,FALSE,1.32595E+12,,FALSE
449,"Shadwell Station, Shadwell",200020,51.511088,-0.057159,TRUE,FALSE,1.32595E+12,,FALSE
450,"Jubilee Street, Stepney",200002,51.515975,-0.053177,TRUE,FALSE,1.32611E+12,,FALSE
451,"Hermitage Court, Wapping",200021,51.504719,-0.063531,TRUE,FALSE,1.3255E+12,,FALSE
452,"St. Katharine's Way, Tower",200049,51.505697,-0.070542,TRUE,FALSE,1.32611E+12,,FALSE
453,"Garnet Street, Shadwell",200045,51.508447,-0.055167,TRUE,FALSE,1.32611E+12,,FALSE
454,"Napier Avenue, Millwall",200046,51.487679,-0.021582,TRUE,FALSE,1.32612E+12,,FALSE
455,"East Ferry Road, Cubitt Town",200031,51.49447,-0.014409,TRUE,FALSE,1.32612E+12,,FALSE
456,"Parkway, Camden Town",200118,51.538071,-0.144664,TRUE,FALSE,1.3262E+12,,FALSE
457,"Castlehaven Road, Camden Town",200016,51.542138,-0.145393,TRUE,FALSE,1.3262E+12,,FALSE
458,"Wapping Lane, Wapping",200034,51.504749,-0.057544,TRUE,FALSE,1.32629E+12,,FALSE
459,"Gunmakers Lane, Old Ford",200014,51.535179,-0.03338,TRUE,FALSE,,,FALSE
460,"Burdett Road, Mile End",200123,51.516196,-0.029138,TRUE,FALSE,1.32628E+12,,FALSE
461,"Aston Street, Stepney",200013,51.516,-0.038775,TRUE,FALSE,1.32629E+12,,TRUE
462,"Bonny Street, Camden Town",200105,51.541603,-0.138853,TRUE,FALSE,1.32629E+12,,FALSE
463,"Thurtle Road, Haggerston",200093,51.534776,-0.071881,TRUE,FALSE,,,FALSE
464,"St. Mary & St. Michael Church, Stepney",200082,51.51417,-0.052099,TRUE,FALSE,1.3263E+12,,FALSE
465,"Pitfield Street North,Hoxton",200152,51.53558,-0.08249,TRUE,FALSE,1.33361E+12,,FALSE
466,"Whiston Road, Haggerston",200158,51.534464,-0.076341,TRUE,FALSE,1.32636E+12,,FALSE
467,"Southern Grove, Bow",200168,51.523538,-0.030556,TRUE,FALSE,1.32637E+12,,FALSE
468,"Cantrell Road, Bow",200150,51.521564,-0.022694,TRUE,FALSE,1.32638E+12,,FALSE
469,"Lindfield Street, Poplar",22178,51.513757,-0.020467,TRUE,FALSE,1.32638E+12,,FALSE
470,"Mostyn Grove, Bow",200174,51.530535,-0.025492,TRUE,FALSE,1.32679E+12,,FALSE
471,"Hewison Street, Old Ford",200006,51.533283,-0.028155,TRUE,FALSE,1.32679E+12,,FALSE
472,"Malmesbury Road, Bow",200019,51.529452,-0.027616,TRUE,FALSE,1.32679E+12,,FALSE
473,"Millharbour, Millwall",22167,51.496137,-0.019355,TRUE,FALSE,1.32682E+12,,FALSE
474,"Castalia Square, Cubitt Town",200155,51.498125,-0.011457,TRUE,FALSE,1.32682E+12,,FALSE
475,"Lightermans Road, Millwall",200004,51.499041,-0.020157,TRUE,FALSE,1.32683E+12,,FALSE
476,"Stebondale Street, Cubitt Town",200009,51.489096,-0.009205,TRUE,FALSE,1.32696E+12,,FALSE
477,"Spindrift Avenue, Millwall",200018,51.49109,-0.018716,TRUE,FALSE,1.32696E+12,,FALSE
478,"Stepney Green Station, Stepney",200012,51.521889,-0.04667,TRUE,FALSE,1.32697E+12,,FALSE
479,"Pott Street, Bethnal Green",200156,51.527152,-0.058005,TRUE,FALSE,1.32697E+12,,FALSE
480,"Flamborough Street, Limehouse",200115,51.5128711,-0.0389866,TRUE,FALSE,1.32698E+12,,FALSE
481,"Saunders Ness Road, Cubitt Town",200022,51.487129,-0.009001,TRUE,FALSE,1.327E+12,,FALSE
483,"Albert Gardens, Stepney",22166,51.51328,-0.047784,TRUE,FALSE,1.32709E+12,,FALSE
484,"Bromley High Street, Bow",22172,51.528828,-0.013258,TRUE,FALSE,1.32734E+12,,FALSE
485,"Old Ford Road, Bethnal Green",22173,51.531127,-0.048017,TRUE,FALSE,1.32726E+12,,FALSE
486,"Granby Street, Shoreditch",22174,51.525645,-0.069543,TRUE,FALSE,1.32734E+12,,FALSE
487,"Canton Street, Poplar",22175,51.511811,-0.025626,TRUE,FALSE,1.32794E+12,,FALSE
488,"Reardon Street, Wapping",22176,51.506946,-0.058681,TRUE,FALSE,1.32725E+12,,FALSE
489,"Christian Street, Whitechapel",22177,51.513074,-0.064094,TRUE,FALSE,1.32709E+12,,FALSE
490,"Pennington Street, Wapping",200090,51.508622,-0.065006,TRUE,FALSE,,,FALSE
491,"Queen Mary's, Mile End",200249,51.522507,-0.041378,TRUE,FALSE,1.32726E+12,,FALSE
492,"The Green Bridge, Mile End",200230,51.524677,-0.03562,TRUE,FALSE,1.32726E+12,,FALSE
494,"South Quay East, Canary Wharf",200233,51.50196,-0.016251,TRUE,FALSE,1.32743E+12,,FALSE
495,"Bow Church Station, Bow",200252,51.528169,-0.018703,TRUE,FALSE,1.32734E+12,,FALSE
496,"Devons Road, Bow",200255,51.52512,-0.015578,TRUE,FALSE,1.3274E+12,,FALSE
497,"Merchant Street, Bow",200242,51.526177,-0.0274677,TRUE,FALSE,1.3274E+12,,FALSE
498,"Bow Road Station, Bow",200251,51.527058,-0.025296,TRUE,FALSE,1.3274E+12,,FALSE
499,"Furze Green, Bow",200011,51.519265,-0.021345,TRUE,FALSE,1.32741E+12,,FALSE
500,"Ansell House, Stepney",200148,51.519806,-0.055731,TRUE,FALSE,1.32743E+12,,FALSE
501,"Cephas Street, Bethnal Green",200073,51.522561,-0.054883,TRUE,FALSE,1.32743E+12,,FALSE
503,"Cleveland Way, Stepney",200250,51.520893,-0.051394,TRUE,FALSE,1.32749E+12,,FALSE
504,"St. John's Park, Cubitt Town",200243,51.496454,-0.009506,TRUE,FALSE,1.32794E+12,,FALSE
505,"Ackroyd Drive, Bow",200038,51.520398,-0.026768,TRUE,FALSE,1.32794E+12,,FALSE
506,"Bell Lane, Liverpool Street",200036,51.517475,-0.075855,TRUE,FALSE,1.32794E+12,,FALSE
507,"Clarkson Street, Bethnal Green",200131,51.528692,-0.059091,TRUE,FALSE,1.32794E+12,,FALSE
508,"Fournier Street, Whitechapel",200157,51.519362,-0.074431,TRUE,FALSE,1.32794E+12,,FALSE
509,"Fore Street, Guildhall",200253,51.517842,-0.090075,TRUE,FALSE,1.32794E+12,,FALSE
510,"Westferry DLR, Limehouse",200238,51.509303,-0.025996,TRUE,FALSE,,,FALSE
511,"Sutton Street, Shadwell",200256,51.511066,-0.053558,TRUE,FALSE,1.32794E+12,,FALSE
512,"Pritchard's Road, Bethnal Green",200083,51.532091,-0.06142,TRUE,FALSE,1.32811E+12,,FALSE
513,"Watney Market, Stepney",200162,51.5142228,-0.055656,TRUE,FALSE,,,FALSE
514,"Portman Square, Marylebone",200008,51.516204,-0.155525,TRUE,FALSE,1.3282E+12,,FALSE
515,"Russell Gardens, Olympia",200080,51.500088,-0.211316,TRUE,FALSE,,,FALSE
516,"Chrisp Street Market, Poplar",200089,51.5112,-0.014438,TRUE,FALSE,1.3282E+12,,FALSE
517,"Ford Road, Old Ford",200027,51.532513,-0.033085,TRUE,FALSE,1.32679E+12,,FALSE
518,"Antill Road, Mile End",200041,51.528224,-0.037471,TRUE,FALSE,,,FALSE
519,"Teviot Street, Poplar",200254,51.518811,-0.011662,TRUE,FALSE,,,FALSE
520,"Bancroft Road, Bethnal Green",200234,51.526041,-0.047218,TRUE,FALSE,,,FALSE
521,"Driffield Road, Old Ford",200030,51.534137,-0.037366,TRUE,FALSE,,,FALSE
522,"Clinton Road, Mile End",200161,51.525941,-0.036017,TRUE,FALSE,,,FALSE
523,"Langdon Park, Poplar",200160,51.51549,-0.013475,TRUE,FALSE,,,FALSE
524,"Lancaster Gate , Bayswater",200017,51.511654,-0.179668,TRUE,FALSE,1.32852E+12,,FALSE
526,"Lancaster Drive, Blackwall",200143,51.503143,-0.008428,TRUE,FALSE,,,FALSE
527,"Hansard Mews, Holland Park",200154,51.503802,-0.215808,TRUE,FALSE,1.32878E+12,,FALSE
528,"Clarges Street, Mayfair",200088,51.507326,-0.145827,TRUE,FALSE,1.32878E+12,,FALSE
529,"Manresa Road, Chelsea",200010,51.486892,-0.170983,TRUE,FALSE,,,FALSE
530,"Newby Place, Poplar",200146,51.508896,-0.012413,TRUE,FALSE,,,FALSE
531,"Twig Folly Bridge, Mile End",200167,51.530326,-0.042744,TRUE,FALSE,1.32878E+12,,FALSE
532,"Jubilee Plaza, Canary Wharf",200163,51.50357,-0.020068,TRUE,FALSE,1.32889E+12,,FALSE
533,"Wellington Row, Bethnal Green",200165,51.528222,-0.069743,TRUE,FALSE,,,FALSE
534,"Goldsmith's Row, Haggerston",200159,51.531864,-0.066035,TRUE,FALSE,,,FALSE
535,"Gloucester Avenue, Camden Town",200145,51.537349,-0.147154,TRUE,FALSE,,,FALSE
536,"Queensbridge Road, Haggerston",200024,51.53385,-0.06992,TRUE,FALSE,,,FALSE
537,"Old Montague Street, Whitechapel",200239,51.51793,-0.067937,TRUE,FALSE,1.33035E+12,,FALSE
538,"Naval Row, Blackwall",200050,51.508981,-0.00699,TRUE,FALSE,,,FALSE
539,"Hoxton Station, Hoxton",200151,51.531091,-0.075901,TRUE,FALSE,,,FALSE
540,"Albany Street, The Regent's Park",200134,51.528302,-0.144466,TRUE,FALSE,,,FALSE
541,"Green Park Station, Mayfair",200096,51.506613,-0.142844,TRUE,FALSE,,,FALSE
542,"Salmon Lane, Limehouse",200147,51.514115,-0.033828,TRUE,FALSE,,,FALSE
543,"Lansdowne Walk, Ladbroke Grove",200065,51.509591,-0.204666,TRUE,FALSE,,,FALSE
544,"Percival Street, Finsbury",200051,51.526153,-0.102208,TRUE,FALSE,,,FALSE
545,"Arlington Road, Camden Town",200070,51.539957,-0.145246,TRUE,FALSE,,,FALSE
546,"New Fetter Lane, Holborn",200044,51.517428,-0.107987,TRUE,FALSE,,,FALSE
547,"East India DLR, Blackwall",200127,51.509474,-0.002275,TRUE,FALSE,,,FALSE
548,"Westminster Bridge Road, Elephant & Castle",200076,51.498386,-0.107913,TRUE,FALSE,,,FALSE
549,"Gaywood  Street, Elephant & Castle",200132,51.49605,-0.104193,TRUE,FALSE,,,FALSE
550,"Harford Street, Mile End",200102,51.521564,-0.039264,TRUE,FALSE,,,FALSE
551,"Import Dock, Canary Wharf",200066,51.505772,-0.016460175,TRUE,FALSE,1.33007E+12,,FALSE
552,"Watney Street, Shadwell",200149,51.511542,-0.056667,TRUE,FALSE,,,FALSE
553,"Regent's Row , Haggerston",200064,51.535678,-0.062546,TRUE,FALSE,,,FALSE
554,"Aberfeldy Street, Poplar",200078,51.513548,-0.005659,TRUE,FALSE,,,FALSE
556,"Heron Quays DLR, Canary Wharf",200138,51.502661,-0.021596,TRUE,FALSE,,,FALSE
557,"King Edward Street, St Pauls",200203,51.51601,-0.0985,TRUE,FALSE,,,FALSE
558,"Page Street, Westminster",200048,51.493978,-0.127554,TRUE,FALSE,1.39964E+12,,FALSE
559,"Abbotsbury Road, Holland Park",200111,51.501391,-0.205991,TRUE,FALSE,,,FALSE
560,"Ladbroke Grove Central, Ladbroke Grove",200015,51.511624,-0.205921,TRUE,FALSE,,,FALSE
561,"Rectory Square, Stepney",200037,51.518369,-0.043371,TRUE,FALSE,1.3305E+12,,FALSE
562,"Bury Place, Holborn",200074,51.51746,-0.12335,TRUE,FALSE,1.3305E+12,,FALSE
563,"Preston's Road, Cubitt Town",200232,51.499286,-0.009152,TRUE,FALSE,,,FALSE
564,"Somerset House, Strand",200068,51.509943,-0.117619,TRUE,FALSE,,,FALSE
565,"Selby Street, Whitechapel",200135,51.521905,-0.063386,TRUE,FALSE,,,FALSE
566,"Westfield Ariel Way, White City",200141,51.509158,-0.224103,TRUE,FALSE,1.33094E+12,,FALSE
568,"Bishop's Bridge Road West, Bayswater",200110,51.51616,-0.18697,TRUE,FALSE,,,FALSE
569,"Pitfield Street Central, Hoxton",200248,51.53213,-0.08299,TRUE,FALSE,,,FALSE
570,"Upper Bank Street, Canary Wharf",200099,51.503083,-0.017676,TRUE,FALSE,1.33077E+12,,FALSE
571,"Westfield Southern Terrace ,Shepherd's Bush",200061,51.506256,-0.218337,TRUE,FALSE,1.33062E+12,,FALSE
572,"Greenland Road, Camden Town",200026,51.539099,-0.141728,TRUE,FALSE,,,FALSE
573,"Limerston Street, West Chelsea",200001,51.485587,-0.18119,TRUE,FALSE,1.3318E+12,,FALSE
574,"Eagle Wharf Road, Hoxton",200246,51.53356,-0.09315,TRUE,FALSE,1.33362E+12,,FALSE
576,"Alpha Grove, Millwall",200109,51.497304,-0.022793,TRUE,FALSE,,,FALSE
577,"Globe Town Market, Bethnal Green",200247,51.528869,-0.047548,TRUE,FALSE,,,FALSE
578,"Hollybush Gardens, Bethnal Green",200244,51.527607,-0.057133,TRUE,FALSE,1.33044E+12,,FALSE
579,"Queen Street 2, Bank",200128,51.511246,-0.093051,TRUE,FALSE,,,FALSE
580,"Doddington Grove, Kennington",200084,51.48692917,-0.102996299,TRUE,FALSE,1.39221E+12,,FALSE
581,"New Cavendish Street, Marylebone",200005,51.519167,-0.147983,TRUE,FALSE,1.33188E+12,,FALSE
583,"Abingdon Green, Westminster",200231,51.497622,-0.125978,TRUE,FALSE,,,FALSE
584,"Ilchester Gardens, Bayswater",200086,51.51244,-0.19096,TRUE,FALSE,,,FALSE
586,"Mudchute DLR, Cubitt Town",200092,51.490645,-0.014582,TRUE,FALSE,1.3318E+12,,FALSE
587,"Monument Street, Monument",200101,51.50964,-0.08497,TRUE,FALSE,1.33241E+12,,FALSE
588,"Hoxton Street, Hoxton",200071,51.52959,-0.0801,TRUE,FALSE,1.33094E+12,,FALSE
589,"Drayton Gardens, West Chelsea",200060,51.487196,-0.179369,TRUE,FALSE,,,FALSE
590,"Greenberry Street, St.John's Wood",200236,51.53256,-0.16862,TRUE,FALSE,,,FALSE
591,"Westfield Library Corner, Shepherd's Bush",200227,51.506093,-0.2242237,TRUE,FALSE,1.33076E+12,,FALSE
592,"Bishop's Bridge Road East, Bayswater",200108,51.5171,-0.18377,TRUE,FALSE,,,FALSE
593,"Northdown Street, King's Cross",200058,51.531066,-0.11934,TRUE,FALSE,,,FALSE
594,"Kingsway Southbound, Strand",200226,51.513875,-0.117774,TRUE,FALSE,1.33171E+12,,FALSE
595,"Hammersmith Road, Hammersmith",200142,51.493267,-0.21985,TRUE,FALSE,,,FALSE
596,"Parson's Green , Parson's Green",200237,51.472817,-0.199783,TRUE,FALSE,,,FALSE
597,"Fulham Park Road, Fulham",200229,51.473471,-0.20782,TRUE,FALSE,,,FALSE
598,"Southerton Road, Hammersmith",200166,51.494499,-0.228188,TRUE,FALSE,,,FALSE
599,"Manbre Road, Hammersmith",200235,51.485743,-0.223616,TRUE,FALSE,,,FALSE
600,"South Lambeth Road, Vauxhall",200133,51.481747,-0.124642,TRUE,FALSE,,,FALSE
601,"BBC White City, White City",200136,51.514767,-0.225787,TRUE,FALSE,,,FALSE
602,"Union Grove, Wandsworth Road",200211,51.472993,-0.133972,TRUE,FALSE,,,FALSE
603,"Caldwell Street, Stockwell",200137,51.477839,-0.116493,TRUE,FALSE,,,FALSE
604,"St Martins Close, Camden Town",200195,51.538792,-0.138535,TRUE,FALSE,,,FALSE
605,"Seymour Place, Marylebone",200198,51.520331,-0.163667,TRUE,FALSE,,,FALSE
606,"Addison Road, Holland Park",200218,51.504199,-0.210941,TRUE,FALSE,,,FALSE
607,"Putney Bridge Station, Fulham",200125,51.468814,-0.210279,TRUE,FALSE,,,FALSE
608,"Colet Gardens, Hammersmith",200224,51.491093,-0.216493,TRUE,FALSE,,,FALSE
609,"Sugden Road, Clapham",200208,51.46512358,-0.157788279,TRUE,FALSE,1.38011E+12,,FALSE
610,"Danvers Street, West Chelsea",200222,51.48256792,-0.172078187,TRUE,FALSE,1.38011E+12,,FALSE
611,"Princedale Road , Holland Park",200067,51.50646524,-0.208486599,TRUE,FALSE,1.3802E+12,,FALSE
612,"Wandsworth Rd, Isley Court, Wandsworth Road",200175,51.46925984,-0.141812513,TRUE,FALSE,1.38029E+12,,FALSE
613,"Woodstock Grove, Shepherd's Bush",200214,51.50403821,-0.217400093,TRUE,FALSE,1.38021E+12,,FALSE
614,"Bradmead, Battersea Park",200025,51.47817208,-0.144690541,TRUE,FALSE,1.3808E+12,,FALSE
615,"Finlay Street, Fulham",200029,51.4768851,-0.215895601,TRUE,FALSE,1.38029E+12,,FALSE
616,"Aintree Street, Fulham",200098,51.48102131,-0.209973497,TRUE,FALSE,,,FALSE
617,"Elysium Place, Fulham",200028,51.47107905,-0.207842908,TRUE,FALSE,1.38053E+12,,FALSE
618,"Eel Brook Common, Walham Green",300003,51.47625965,-0.193254007,TRUE,FALSE,1.38055E+12,,FALSE
619,"Irene Road, Parsons Green",300012,51.4737636,-0.197010096,TRUE,FALSE,1.38055E+12,,FALSE
620,"Surrey Lane, Battersea",300010,51.47518024,-0.167160736,TRUE,FALSE,1.38063E+12,,FALSE
621,"Wandsworth Town Station, Wandsworth",200091,51.46086446,-0.187427294,TRUE,FALSE,1.3809E+12,,FALSE
622,"Lansdowne Road, Ladbroke Grove",200172,51.50748124,-0.205535908,TRUE,FALSE,1.3809E+12,,FALSE
623,"Nantes Close, Wandsworth",200186,51.46193072,-0.180791784,TRUE,FALSE,1.38114E+12,,FALSE
624,"Courland Grove, Wandsworth Road",200173,51.4729184,-0.132102704,TRUE,FALSE,1.38122E+12,,FALSE
625,"Queen's Circus, Battersea Park",200190,51.47761941,-0.149551631,TRUE,FALSE,1.38123E+12,,FALSE
626,"Normand Park, West Kensington",300008,51.48438657,-0.20481514,TRUE,FALSE,1.38192E+12,,FALSE
627,"Holden Street, Battersea",200007,51.4687905,-0.158230901,TRUE,FALSE,1.38193E+12,,FALSE
628,"William Morris Way, Sands End",200062,51.46881971,-0.184318843,TRUE,FALSE,1.38141E+12,,FALSE
629,"Morie Street, Wandsworth",200187,51.45995384,-0.190184054,TRUE,FALSE,1.38148E+12,,FALSE
630,"Clarence Walk, Stockwell",200194,51.47073264,-0.126994068,TRUE,FALSE,1.38149E+12,,FALSE
631,"Battersea Park Road, Nine Elms",200183,51.4795017,-0.141770709,TRUE,FALSE,1.38125E+12,,FALSE
632,"Sheepcote Lane, Battersea",200176,51.47053858,-0.163041605,TRUE,FALSE,1.38122E+12,,FALSE
633,"Vereker Road, West Kensington",200116,51.48959104,-0.209378594,TRUE,FALSE,1.3814E+12,,FALSE
634,"Brook Green South, Brook Green",300002,51.49434708,-0.215804559,TRUE,FALSE,1.38174E+12,,FALSE
635,"Greyhound Road, Hammersmith",200215,51.48606206,-0.214428378,TRUE,FALSE,1.38176E+12,,FALSE
636,"South Park, Sands End",200180,51.46706414,-0.193502076,TRUE,FALSE,1.38185E+12,,FALSE
637,"Spencer Park, Wandsworth Common",200191,51.45787019,-0.174691623,TRUE,FALSE,1.38193E+12,,FALSE
638,"Falcon Road, Clapham Junction",300014,51.46663393,-0.169821175,TRUE,FALSE,1.38183E+12,,FALSE
639,"Coomer Place, West Kensington",200081,51.48357068,-0.202038682,TRUE,FALSE,1.38184E+12,,FALSE
640,"Silverthorne Road, Battersea",200179,51.47286577,-0.148059277,TRUE,FALSE,1.38201E+12,,FALSE
641,"Archbishop's Park, Waterloo",300025,51.49824168,-0.117495865,TRUE,FALSE,1.38193E+12,,FALSE
642,"Fawcett Close, Battersea",200192,51.46916161,-0.174485792,TRUE,FALSE,1.38193E+12,,FALSE
643,"All Saints' Road, Portobello",300026,51.5190427,-0.204764421,TRUE,FALSE,1.38201E+12,,FALSE
644,"Rainville Road, Hammersmith",200182,51.48373225,-0.223852256,TRUE,FALSE,1.38228E+12,,FALSE
645,"Great Suffolk Street, The Borough",200200,51.50173215,-0.100292412,TRUE,FALSE,1.38211E+12,,FALSE
646,"Buckingham Gate, Westminster",200178,51.49886563,-0.137424571,TRUE,FALSE,1.38208E+12,,FALSE
647,"Richmond Way, Shepherd's Bush",200181,51.50035306,-0.217515071,TRUE,FALSE,1.38235E+12,,FALSE
648,"Peterborough Road, Sands End",200171,51.46904022,-0.19627483,TRUE,FALSE,1.38235E+12,,FALSE
649,"World's End Place, West Chelsea",300009,51.48180515,-0.18027465,TRUE,FALSE,1.38235E+12,,FALSE
650,"St. Mark's Road, North Kensington",300034,51.51687069,-0.213872396,TRUE,FALSE,1.38244E+12,,FALSE
651,"Thorndike Close, West Chelsea",300030,51.48089844,-0.183853573,TRUE,FALSE,1.38244E+12,,FALSE
652,"Evesham Street, Avondale",300022,51.51148696,-0.218190203,TRUE,FALSE,1.38185E+12,,FALSE
653,"Simpson Street, Clapham Junction",200196,51.47084722,-0.17070367,TRUE,FALSE,1.38254E+12,,FALSE
654,"Ashmole Estate, Oval",200223,51.48267821,-0.117661574,TRUE,FALSE,1.38252E+12,,FALSE
655,"Crabtree Lane, Fulham",200221,51.48294452,-0.219346128,TRUE,FALSE,1.38261E+12,,FALSE
656,"Broomhouse Lane, Parsons Green",200040,51.46841875,-0.199135704,TRUE,FALSE,1.38261E+12,,FALSE
657,"Blythe Road West, Shepherd's Bush",200220,51.4996806,-0.221791552,TRUE,FALSE,1.38262E+12,,FALSE
658,"Ethelburga Estate, Battersea Park",300005,51.47729232,-0.16478637,TRUE,FALSE,1.38373E+12,,FALSE
659,"Grant Road West, Clapham Junction",200212,51.46437067,-0.174619404,TRUE,FALSE,1.3827E+12,,FALSE
660,"West Kensington Station, West Kensington",300020,51.49087074,-0.206029743,TRUE,FALSE,1.38271E+12,,FALSE
661,"All Saints Church, Portobello",300023,51.51632095,-0.202608612,TRUE,FALSE,1.38289E+12,,FALSE
662,"Phene Street, Chelsea",200189,51.48498496,-0.167919869,TRUE,FALSE,1.38287E+12,,FALSE
663,"Clarendon Road, Avondale",200124,51.51323001,-0.211593602,TRUE,FALSE,1.38287E+12,,FALSE
664,"Austin Road, Battersea Park",300013,51.474376,-0.155442787,TRUE,FALSE,1.38296E+12,,FALSE
665,"Smugglers Way, Wandsworth",200113,51.46108367,-0.191722864,TRUE,FALSE,1.38298E+12,,FALSE
666,"Olympia Way, Olympia",300004,51.49610093,-0.208158259,TRUE,FALSE,1.38306E+12,,FALSE
667,"Shepherd's Bush Road North, Shepherd's Bush",200209,51.5015946,-0.222293381,TRUE,FALSE,1.38314E+12,,FALSE
668,"Ravenscourt Park Station, Hammersmith",300037,51.49422354,-0.236769936,TRUE,FALSE,1.38314E+12,,FALSE
669,"Teversham Lane, Stockwell",300036,51.47614939,-0.1232585,TRUE,FALSE,1.38315E+12,,FALSE
670,"Ashley Crescent, Battersea",200169,51.46718562,-0.152248582,TRUE,FALSE,1.38321E+12,,FALSE
671,"Parsons Green Station, Parsons Green",300052,51.475089,-0.201968,TRUE,FALSE,1.38322E+12,,FALSE
672,"Grant Road Central, Clapham Junction",200206,51.4646884,-0.173656546,TRUE,FALSE,1.38322E+12,,FALSE
673,"Hibbert Street, Battersea",300051,51.46517078,-0.18038939,TRUE,FALSE,1.38332E+12,,FALSE
674,"Carnegie Street, King's Cross",300035,51.53546778,-0.11619105,TRUE,FALSE,,,FALSE
675,"Usk Road, Clapham Junction",200126,51.46348914,-0.182126248,TRUE,FALSE,1.38332E+12,,FALSE
676,"Hartington Road, Stockwell",200207,51.47787084,-0.126874471,TRUE,FALSE,1.38358E+12,,FALSE
677,"Heath Road, Battersea",200023,51.46866929,-0.146544642,TRUE,FALSE,1.38348E+12,,FALSE
678,"Esmond Street, Putney",200170,51.46231278,-0.211468596,TRUE,FALSE,1.38365E+12,,FALSE
679,"Orbel Street, Battersea",200114,51.47453545,-0.170210533,TRUE,FALSE,1.38366E+12,,FALSE
680,"Westbridge Road, Battersea",200210,51.47768469,-0.170329317,TRUE,FALSE,1.38366E+12,,FALSE
681,"Bishop's Avenue, Fulham",200043,51.47303687,-0.214749808,TRUE,FALSE,1.38373E+12,,FALSE
682,"Crisp Road, Hammersmith",200059,51.48810829,-0.22660621,TRUE,FALSE,1.38374E+12,,FALSE
683,"Dorothy Road, Clapham Junction",200119,51.46506424,-0.163750945,TRUE,FALSE,1.38375E+12,,FALSE
684,"Neville Gill Close, Wandsworth",200188,51.45475251,-0.195197203,TRUE,FALSE,1.38382E+12,,FALSE
685,"Osiers Road, Wandsworth",200219,51.46067005,-0.198735357,TRUE,FALSE,1.38383E+12,,FALSE
686,"Beryl Road, Hammersmith",200097,51.48814438,-0.222456468,TRUE,FALSE,1.38384E+12,,FALSE
687,"Maclise Road, Olympia",200216,51.49760804,-0.21145598,TRUE,FALSE,1.38384E+12,,FALSE
688,"Northfields, Wandsworth",200204,51.46095151,-0.20066766,TRUE,FALSE,1.38392E+12,,FALSE
689,"Spanish Road, Clapham Junction",200106,51.45922541,-0.180884959,TRUE,FALSE,1.38392E+12,,FALSE
690,"Stanley Grove, Battersea",200199,51.47047503,-0.152130083,TRUE,FALSE,1.38392E+12,,FALSE
691,"Erin Close, Walham Green",200184,51.47946386,-0.195777222,TRUE,FALSE,1.38476E+12,,FALSE
692,"Cadogan Close, Victoria Park",200112,51.54211855,-0.028941601,TRUE,FALSE,1.38417E+12,,FALSE
693,"Felsham Road, Putney",300019,51.464786,-0.215618902,TRUE,FALSE,1.384E+12,,FALSE
694,"Putney Rail Station, Putney",300033,51.46071722,-0.216526155,TRUE,FALSE,1.384E+12,,FALSE
695,"Islington Green, Angel",300031,51.53638435,-0.102757578,TRUE,FALSE,1.38417E+12,,FALSE
696,"Charing Cross Hospital, Hammersmith",300018,51.48728535,-0.217995921,TRUE,FALSE,1.38418E+12,,FALSE
697,"Charlotte Terrace, Angel",200129,51.53639219,-0.112721065,TRUE,FALSE,1.38425E+12,,FALSE
698,"Shoreditch Court, Haggerston",200121,51.53908372,-0.070329419,TRUE,FALSE,1.38425E+12,,FALSE
699,"Belford House, Haggerston",200057,51.5366541,-0.07023031,TRUE,FALSE,1.38426E+12,,FALSE
700,"Battersea Church Road, Battersea",200201,51.47696496,-0.174347066,TRUE,FALSE,1.38434E+12,,FALSE
701,"Vicarage Crescent, Battersea",200077,51.47287627,-0.176267008,TRUE,FALSE,1.38435E+12,,FALSE
702,"Durant Street, Bethnal Green",200213,51.52868155,-0.065550321,TRUE,FALSE,1.38435E+12,,FALSE
703,"St. Bride Street, Holborn",200094,51.51505991,-0.10534448,TRUE,FALSE,1.38436E+12,,FALSE
704,"Mexfield Road, East Putney",200063,51.45682071,-0.202802098,TRUE,FALSE,1.38444E+12,,FALSE
706,"Snowsfields, London Bridge",200193,51.50215353,-0.083632928,TRUE,FALSE,1.38442E+12,,FALSE
707,"Barons Court Station, West Kensington",200197,51.49021762,-0.215087092,TRUE,FALSE,1.38444E+12,,FALSE
708,"Disraeli Road, Putney",200217,51.46161068,-0.21614583,TRUE,FALSE,1.38453E+12,,FALSE
709,"Montserrat Road , Putney",200205,51.46321128,-0.215550761,TRUE,FALSE,1.38451E+12,,FALSE
710,"Albert Bridge Road, Battersea Park",300045,51.47439218,-0.163347594,TRUE,FALSE,1.38452E+12,,FALSE
711,"Everington Street, Fulham",300028,51.48335692,-0.216305546,TRUE,FALSE,1.38479E+12,,FALSE
712,"Mile End Stadium, Mile End",300056,51.51854104,-0.034903714,TRUE,FALSE,1.3848E+12,,FALSE
713,"Hawley Crescent, Camden Town",200122,51.54100708,-0.14326094,TRUE,FALSE,1.38477E+12,,FALSE
714,"Stewart's Road, Wandsworth Road",300055,51.47311696,-0.137235175,TRUE,FALSE,1.38487E+12,,FALSE
715,"Aylward Street, Stepney",300049,51.51563007,-0.049067243,TRUE,FALSE,1.38487E+12,,FALSE
716,"Stainsby Road , Poplar",300048,51.51542791,-0.02356501,TRUE,FALSE,1.38487E+12,,FALSE
717,"Dunston Road , Haggerston",300024,51.53658514,-0.075885686,TRUE,FALSE,1.38495E+12,,FALSE
718,"Ada Street, Hackney Central",300040,51.53571683,-0.060291813,TRUE,FALSE,1.38496E+12,,FALSE
719,"Victoria Park Road, Hackney Central",300011,51.53642464,-0.054162264,TRUE,FALSE,1.38497E+12,,FALSE
720,"Star Road, West Kensington",300038,51.48724429,-0.205279052,TRUE,FALSE,1.38503E+12,,FALSE
721,"Wendon Street, Old Ford",300039,51.53603947,-0.026262677,TRUE,FALSE,1.38503E+12,,FALSE
722,"Finnis Street, Bethnal Green",300041,51.52458353,-0.058631453,TRUE,FALSE,1.38503E+12,,FALSE
723,"Stephendale Road, Sands End",300053,51.46822047,-0.190346493,TRUE,FALSE,1.38504E+12,,FALSE
724,"Alma Road, Wandsworth",300046,51.45799126,-0.184806157,TRUE,FALSE,1.38513E+12,,FALSE
726,"Alfreda Street, Battersea Park",300047,51.47505096,-0.150908371,TRUE,FALSE,1.38513E+12,,FALSE
727,"Chesilton Road, Fulham",300054,51.47569809,-0.20587627,TRUE,FALSE,1.38513E+12,,FALSE
728,"Putney Bridge Road, East Putney",300044,51.46199911,-0.206240805,TRUE,FALSE,1.38547E+12,,FALSE
729,"St. Peter's Terrace, Fulham",300043,51.47893931,-0.208485293,TRUE,FALSE,1.38539E+12,,FALSE
730,"Bridge Avenue, Hammersmith",300082,51.49208492,-0.229116862,TRUE,FALSE,1.38513E+12,,FALSE
731,"Michael Road, Walham Green",300095,51.47727637,-0.189210466,TRUE,FALSE,1.38539E+12,,FALSE
732,"Duke Street Hill, London Bridge",300083,51.50630441,-0.087262995,TRUE,FALSE,1.38546E+12,,FALSE
733,"Park Lane, Mayfair",300093,51.50542628,-0.150817316,TRUE,FALSE,1.38546E+12,,FALSE
734,"Plough Terrace, Clapham Junction",300094,51.46230566,-0.175407201,TRUE,FALSE,1.38546E+12,,FALSE
735,"Grant Road East, Clapham Junction",200120,51.46489445,-0.17302926,TRUE,FALSE,1.38538E+12,,FALSE
736,"Queensdale Road, Shepherd's Bush",300088,51.50659035,-0.216104479,TRUE,FALSE,1.38547E+12,,FALSE
737,"Fulham Broadway, Walham Green",300086,51.47993289,-0.19411695,TRUE,FALSE,1.38555E+12,,FALSE
739,"Hortensia Road, West Brompton",300091,51.48176572,-0.185273723,TRUE,FALSE,1.38563E+12,,FALSE
740,"Sirdar Road, Avondale",300084,51.51092871,-0.214594781,TRUE,FALSE,1.38564E+12,,FALSE
741,"Freston Road, Avondale",300085,51.5129814,-0.219486603,TRUE,FALSE,1.38564E+12,,FALSE
742,"Blenheim Crescent, Ladbroke Grove",300090,51.51510818,-0.208565479,TRUE,FALSE,1.38565E+12,,FALSE
743,"Oxford Road, Putney",300078,51.46079243,-0.212607684,TRUE,FALSE,1.38572E+12,,FALSE
744,"Ingrave Street, Clapham Junction",300077,51.46745485,-0.172293499,TRUE,FALSE,1.38573E+12,,FALSE
745,"Upcerne Road, West Chelsea",300075,51.47816972,-0.18243547,TRUE,FALSE,1.38574E+12,,FALSE
746,"Lots Road, West Chelsea",300076,51.4795738,-0.17903854,TRUE,FALSE,1.38599E+12,,FALSE
747,"Ormonde Gate, Chelsea",300089,51.48796408,-0.161765173,TRUE,FALSE,1.386E+12,,FALSE
748,"Hertford Road, De Beauvoir Town",300092,51.53727795,-0.079201849,TRUE,FALSE,1.38616E+12,,FALSE
749,"Haggerston Road, Haggerston",300081,51.53932857,-0.074284675,TRUE,FALSE,1.38617E+12,,FALSE
750,"Culvert Road, Battersea",300080,51.4710956,-0.157850096,TRUE,FALSE,1.38624E+12,,FALSE
751,"Newton Street, Covent Garden",300074,51.51612862,-0.120909408,TRUE,FALSE,1.38625E+12,,FALSE
752,"Manfred Road, East Putney",300079,51.45816465,-0.20600248,TRUE,FALSE,1.38633E+12,,FALSE
753,"Hammersmith Town Hall, Hammersmith",300006,51.49263658,-0.234094148,TRUE,FALSE,1.38635E+12,,FALSE
754,"Grenfell Road, Avondale",300067,51.5129006,-0.214762686,TRUE,FALSE,1.389E+12,,FALSE
755,"The Vale, Chelsea",300058,51.48512191,-0.174971902,TRUE,FALSE,1.38901E+12,,FALSE
756,"Prince of Wales Drive, Battersea Park",300073,51.47515398,-0.159169801,TRUE,FALSE,1.39022E+12,,FALSE
757,"Harcourt Terrace, West Brompton",300069,51.48795853,-0.187404506,TRUE,FALSE,1.38909E+12,,FALSE
758,"Westbourne Park Road, Portobello",300057,51.51787005,-0.201005397,TRUE,FALSE,1.38918E+12,,FALSE
759,"Broadley Terrace, Marylebone",300072,51.52456169,-0.165668686,TRUE,FALSE,1.38963E+12,,FALSE
760,"Rossmore Road, Marylebone",300071,51.52526975,-0.163795009,TRUE,FALSE,1.39031E+12,,FALSE
761,"Humbolt Road, Fulham",300068,51.48321729,-0.211860644,TRUE,FALSE,1.38978E+12,,FALSE
762,"Storey's Gate, Westminster",200202,51.50070305,-0.129698963,TRUE,FALSE,1.39204E+12,,FALSE
763,"Mile End Park Leisure Centre, Mile End",300027,51.52059714,-0.032566533,TRUE,FALSE,1.39204E+12,,FALSE
764,"St. John's Road, Clapham Junction",200185,51.46239255,-0.16829214,TRUE,FALSE,1.39263E+12,,FALSE
765,"Ranelagh Gardens, Fulham",300064,51.46760141,-0.20682737,TRUE,FALSE,1.39299E+12,,FALSE
766,"Ram Street, Wandsworth",200079,51.45752945,-0.192165613,TRUE,FALSE,1.39289E+12,,FALSE
767,"Santos Road, Wandsworth",200177,51.45705988,-0.200806304,TRUE,FALSE,1.39341E+12,,FALSE
768,"Clapham Common North Side, Clapham Common",300065,51.46134382,-0.159322467,TRUE,FALSE,1.39349E+12,,FALSE
769,"Sandilands Road, Walham Green",300001,51.473611,-0.191803,TRUE,FALSE,1.39394E+12,,FALSE
770,"Gwendwr Road, West Kensington",300097,51.491026,-0.209121,TRUE,FALSE,1.3941E+12,,FALSE
771,"Rifle Place, Avondale",300007,51.509224,-0.216016,TRUE,FALSE,1.39402E+12,,FALSE
772,"Binfield Road, Stockwell",300015,51.47250956,-0.122831913,TRUE,FALSE,1.39644E+12,,FALSE
773,"Tallis Street, Temple",300096,51.511891,-0.107349,TRUE,FALSE,1.39626E+12,,FALSE
774,"Hurlingham Park, Parsons Green",300098,51.470131,-0.20464,TRUE,FALSE,1.39627E+12,,FALSE
775,"Little Brook Green, Brook Green",300101,51.496664,-0.223868,TRUE,FALSE,1.39627E+12,,FALSE
776,"Abyssinia Close, Clapham Junction",300099,51.460333,-0.167029,TRUE,FALSE,1.39627E+12,,FALSE
777,"Limburg Road, Clapham Junction",300100,51.46192307,-0.165297857,TRUE,FALSE,1.40628E+12,,FALSE
779,"Houndsditch, Aldgate",200072,51.514449,-0.077178979,TRUE,FALSE,1.43531E+12,,FALSE
780,"Imperial Wharf Station, Sands End",300070,51.474665,-0.18316517,TRUE,FALSE,1.43946E+12,,FALSE
781,"Victoria & Albert Museum, South Kensington",300032,51.495898,-0.173009,TRUE,FALSE,1.44649E+12,,FALSE
782,"Halford Road, West Kensington",300210,51.483911,-0.19760944,TRUE,FALSE,1.44649E+12,,FALSE
783,"Monier Road, Hackney Wick",300213,51.5403115,-0.021630359,TRUE,FALSE,1.44853E+12,,FALSE
784,"East Village, Queen Elizabeth Olympic Park",300200,51.546326,-0.00993526,TRUE,FALSE,1.45279E+12,,FALSE
785,"Aquatic Centre, Queen Elizabeth Olympic Park",300233,51.54094,-0.010510565,TRUE,FALSE,1.45191E+12,,FALSE
786,"Lee Valley VeloPark, Queen Elizabeth Olympic Park",300029,51.549369,-0.015717614,TRUE,FALSE,1.45192E+12,,FALSE
787,"Timber Lodge, Queen Elizabeth Olympic Park",300227,51.546805,-0.01469126,TRUE,FALSE,1.4519E+12,,FALSE
788,"Copper Box Arena, Queen Elizabeth Olympic Park",300226,51.544836,-0.019524752,TRUE,FALSE,1.45191E+12,,FALSE
789,"Podium, Queen Elizabeth Olympic Park",300021,51.538718,-0.011889482,TRUE,FALSE,1.45251E+12,,FALSE
790,"Stratford Station, Stratford",300234,51.541793,-0.00481,TRUE,FALSE,1.45269E+12,,FALSE
792,"Blackfriars Road, Southwark",300214,51.505461,-0.10454093,TRUE,FALSE,1.45493E+12,,FALSE
793,"Cromer Street, Bloomsbury",300205,51.528279,-0.11955857,TRUE,FALSE,1.45942E+12,,FALSE
794,"Lansdowne Way Bus Garage, Stockwell",300204,51.474567,-0.12458,TRUE,FALSE,1.4564E+12,,FALSE
795,"Euston Square Gardens, Euston",300203,51.527068,-0.13186102,TRUE,FALSE,1.45674E+12,,FALSE
796,"Coram Street, Bloomsbury",300201,51.524,-0.12640984,TRUE,FALSE,1.45675E+12,,FALSE
797,"Ossulston Street, Somers Town",300211,51.5293,-0.12827903,TRUE,FALSE,1.45684E+12,,FALSE
798,"Birkenhead Street, King's Cross",300212,51.53019988,-0.122299441,TRUE,FALSE,1.46479E+12,,FALSE
800,"Sopwith Way, Battersea Park",300248,51.48112194,-0.149035375,TRUE,FALSE,1.45711E+12,,FALSE
801,"Lavington Street, Bankside",300208,51.50522417,-0.098031812,TRUE,FALSE,1.45882E+12,,FALSE
802,"Albert Square, Stockwell",300209,51.47659006,-0.118256789,TRUE,FALSE,1.46487E+12,,FALSE
803,"Southwark Street, Bankside",300238,51.50540994,-0.098341088,TRUE,FALSE,1.46479E+12,,FALSE
804,"Good's Way, King's Cross",300243,51.53466774,-0.125078653,TRUE,FALSE,1.45941E+12,,FALSE
805,"Bevington Road, North Kensington",300244,51.52006942,-0.206338384,TRUE,FALSE,1.46763E+12,,FALSE
806,"Handyside Street, King's Cross",300241,51.53724056,-0.124807386,TRUE,FALSE,1.47272E+12,,FALSE
807,"Bevington Road West, North Kensington",300236,51.5212,-0.20888818,TRUE,FALSE,1.46672E+12,,FALSE
808,"Stockwell Roundabout, Stockwell",300207,51.47348621,-0.12255563,TRUE,FALSE,1.46175E+12,,FALSE
809,"Lincoln's Inn Fields, Holborn",300240,51.51627788,-0.118272992,TRUE,FALSE,1.46764E+12,,FALSE
810,"Tate Modern, Bankside",300237,51.50672529,-0.098807246,TRUE,FALSE,1.46494E+12,,FALSE
811,"Westferry Circus, Canary Wharf",300228,51.50570304,-0.027772743,TRUE,FALSE,1.46954E+12,,FALSE
812,"Here East North, Queen Elizabeth Olympic Park",300217,51.54873119,-0.022606555,TRUE,FALSE,1.46901E+12,,FALSE
813,"New Spring Gardens Walk, Vauxhall",300224,51.48780745,-0.122759626,TRUE,FALSE,1.46763E+12,,FALSE
814,"Clapham Road, Lingham Street, Stockwell",300245,51.47143307,-0.123670736,TRUE,FALSE,1.46487E+12,,FALSE
815,"Lambeth Palace Road, Waterloo",300231,51.5000892,-0.116628701,TRUE,FALSE,1.46236E+12,,FALSE
816,"Here East South, Queen Elizabeth Olympic Park",300219,51.54653279,-0.02059759,TRUE,FALSE,1.48907E+12,,FALSE
817,"Riverlight South, Nine Elms",300232,51.48133547,-0.138212296,TRUE,FALSE,1.46495E+12,,FALSE
818,"One Tower Bridge, Bermondsey",300249,51.5031278,-0.078655507,TRUE,FALSE,1.46366E+12,,FALSE
819,"Belvedere Road 2, South Bank",300246,51.50621,-0.114842,TRUE,FALSE,1.47636E+12,,FALSE
820,"Victory Place, Walworth",300239,51.492807,-0.091938,TRUE,FALSE,1.48181E+12,,FALSE
821,"Battersea Power Station, Battersea Park",300221,51.48350749,-0.147714557,TRUE,FALSE,1.48734E+12,,FALSE
826,"Allington Street, Victoria",300242,51.496863,-0.1429434,TRUE,FALSE,1.50055E+12,,FALSE
828,"Normandy Road, Stockwell",300225,51.473874,-0.11258096,TRUE,FALSE,1.51779E+12,,FALSE
829,"Wynne Road, Stockwell",300230,51.469217,-0.11268674,TRUE,FALSE,1.51744E+12,,FALSE
830,"Sidney Road, Stockwell",300229,51.469202,-0.11902256,TRUE,FALSE,1.51796E+12,,FALSE
831,"St John's Crescent, Brixton",300215,51.466232,-0.11317995,TRUE,FALSE,1.51796E+12,,FALSE
832,"Ferndale Road, Brixton.",200240,51.464019,-0.11578197,TRUE,FALSE,1.51796E+12,,FALSE
833,"Saltoun Road, Brixton",300206,51.460232,-0.11537509,TRUE,FALSE,1.51788E+12,,FALSE
835,"Farringdon Street, Holborn",300220,51.516785,-0.10494775,TRUE,FALSE,,,FALSE
836,"York Way, Kings Cross",300235,51.541596,-0.12544145,TRUE,FALSE,,,FALSE
838,"Fore Street Avenue, Guildhall",300222,51.518093,-0.0914017,TRUE,FALSE,1.53925E+12,,FALSE